priority_rank,host_name,event_count,visible_guest_count,visible_guest_events,top_neighborhoods,top_themes,current_icon_type,selected_partiful_host_name,current_icon_file,replacement_query,notes
1,Auth0,3,1196,3,Downtown (1); Embarcadero (1); FiDi (1),AI (3); B2B (3); SaaS (2),host_mismatch_candidate,Shreya,icons/processed/shreya--U6t6HwkiQAfeLxu4.png,Auth0 logo official,Selected Partiful host `Shreya` does not clearly match calendar host `Auth0`.
2,Technology Founders of America,4,813,4,SOMA (4),Fundraising / Investing (2); GTM (2); Media / Entertainment (1),tech_week_default,Tech Week,icons/processed/tech-week--7DFu4rITofNzKIjA.png,Technology Founders of America logo official,"Selected icon is Tech Week default/profile, not the host logo."
3,hallucinate LLC,3,806,3,Mission (2); Hayes Valley (1),Hardware (2); Creators (1); Women-focused (1),host_mismatch_candidate,Abby Morse-Golub,icons/processed/abby-morse-golub--SIdbZOfJbATzq9ku.png,hallucinate LLC logo official,Selected Partiful host `Abby Morse-Golub` does not clearly match calendar host `hallucinate LLC`.
4,Endpoint Arena,2,499,2,Marina (1); Union Square (1),AI (2); Deep Tech (2); Healthcare / Healthtech (2),tech_week_default,Tech Week,icons/processed/tech-week--7DFu4rITofNzKIjA.png,Endpoint Arena logo official,"Selected icon is Tech Week default/profile, not the host logo."
5,Hellyeah AI,2,492,2,Other (1); Mission Bay (1),GTM (2); AI (1); B2C / Consumer (1),host_mismatch_candidate,Hellyeah,icons/processed/hellyeah--Tk5CUoLj4BIt2G2e.png,Hellyeah AI logo official,Selected Partiful host `Hellyeah` does not clearly match calendar host `Hellyeah AI`.
6,OnlyExit Ventures,4,481,4,Mission (4),Fundraising / Investing (4),person_avatar_candidate,Sahil Sorathiya,icons/processed/sahil-sorathiya--R1AQmHLwFzS7iBPD.png,OnlyExit Ventures logo official,Selected Partiful host `Sahil Sorathiya` looks like a person/profile rather than the organization `OnlyExit Ventures`.
7,Lenn AI,2,474,2,SOMA (1); Downtown (1),AI (2); Hardware (2); Healthcare / Healthtech (1),tech_week_default,Tech Week,icons/processed/tech-week--7DFu4rITofNzKIjA.png,Lenn AI logo official,"Selected icon is Tech Week default/profile, not the host logo."
8,Skillsheet,4,461,4,SOMA (4),AI (4); B2B (4); GTM (4),host_mismatch_candidate,aniket@skillsheet.me,icons/processed/aniket-skillsheet-me--CBnWMZNzISeiJeZB.png,Skillsheet logo official,Selected Partiful host `aniket@skillsheet.me` does not clearly match calendar host `Skillsheet`.
9,Sushidata,1,428,1,Alamo Square (1),AI (1); B2B (1); GTM (1),host_mismatch_candidate,"George, CEO @ Sushidata",icons/processed/george-ceo-sushidata--miHsnIwqmTg7yLD4.png,Sushidata logo official,"Selected Partiful host `George, CEO @ Sushidata` does not clearly match calendar host `Sushidata`."
10,Fenwick & West,4,400,4,FiDi (4),AI (3); Healthcare / Healthtech (1); Fundraising / Investing (1),host_mismatch_candidate,Fenwick,icons/processed/fenwick--BEyCEP4Eh7hBy5ga.png,Fenwick & West logo official,Selected Partiful host `Fenwick` does not clearly match calendar host `Fenwick & West`.
11,AWS for Startups,2,400,2,FiDi (2),AI (2); GTM (2); Infrastructure (1),missing_icon,AWS for Startups,,AWS for Startups logo official,No current icon file.
12,Tavily,4,389,3,Union Square (1); FiDi (1); Other (1),AI (4); Engineering (3); Deep Tech (1),host_mismatch_candidate,Deskree,icons/processed/deskree--qYdDZWrASlZfTUwy.png,Tavily logo official,Selected Partiful host `Deskree` does not clearly match calendar host `Tavily`.
13,Virtus Lab,3,377,3,FiDi (3),AI (2); GTM (2); Engineering (2),host_mismatch_candidate,Monika,icons/processed/monika--whz37muV5IQQLJnO.png,Virtus Lab logo official,Selected Partiful host `Monika` does not clearly match calendar host `Virtus Lab`.
14,Travelbay,3,373,2,Downtown (3),Fundraising / Investing (3); Engineering (1); GTM (1),host_mismatch_candidate,Travelbay Events,icons/processed/travelbay-events--2fWTeB3MdsQsy5tt.png,Travelbay logo official,Selected Partiful host `Travelbay Events` does not clearly match calendar host `Travelbay`.
15,"Juliet AI, Inc.",4,338,3,Virtual (4),GTM (4); B2B (3); SaaS (2),host_mismatch_candidate,Samir Patel @ www.juliet.space,icons/processed/samir-patel-www-juliet-space--e65V8JXWLagk5DFf.png,"Juliet AI, Inc. logo official","Selected Partiful host `Samir Patel @ www.juliet.space` does not clearly match calendar host `Juliet AI, Inc.`."
16,Chaanakya Capital,4,337,4,San Mateo (2); Downtown (2),Fundraising / Investing (4); Healthcare / Healthtech (3); AI (2),host_mismatch_candidate,Cythika B,icons/processed/cythika-b--TgspOHkKebU5UtO2.png,Chaanakya Capital logo official,Selected Partiful host `Cythika B` does not clearly match calendar host `Chaanakya Capital`.
17,Build With AI University,3,328,3,Downtown (3),AI (3); Engineering (1); GTM (1),host_mismatch_candidate,Build With AI Club,icons/processed/build-with-ai-club--qpthIdWs2YzViM36.png,Build With AI University logo official,Selected Partiful host `Build With AI Club` does not clearly match calendar host `Build With AI University`.
18,This Week in Fintech (TWIF),1,324,1,Downtown (1),B2B (1); Crypto / Web3 (1); Fintech (1),host_mismatch_candidate,This Week in Fintech,icons/processed/this-week-in-fintech--iJ2X380Yx936QLOh.png,This Week in Fintech (TWIF) logo official,Selected Partiful host `This Week in Fintech` does not clearly match calendar host `This Week in Fintech (TWIF)`.
19,AskPetal,2,322,2,Marina (2),AI (2); Healthcare / Healthtech (2); Women-focused (1),tech_week_default,Tech Week,icons/processed/tech-week--7DFu4rITofNzKIjA.png,AskPetal logo official,"Selected icon is Tech Week default/profile, not the host logo."
20,Third Sphere,1,319,1,FiDi (1),Climate (1); Deep Tech (1); Hardware (1),host_mismatch_candidate,Stonly,icons/processed/stonly--h7D1OyK0C0YJuV8j.png,Third Sphere logo official,Selected Partiful host `Stonly` does not clearly match calendar host `Third Sphere`.
21,"USER EXPERIENCE by Material Album, presented by Forerunner Ventures",1,314,1,Union Square (1),AI (1); B2C / Consumer (1); Creators (1),host_mismatch_candidate,Material Album,icons/processed/material-album--rBDTlKOQccbg1XCm.png,"USER EXPERIENCE by Material Album, presented by Forerunner Ventures logo official","Selected Partiful host `Material Album` does not clearly match calendar host `USER EXPERIENCE by Material Album, presented by Forerunner Ventures`."
22,Rolla,1,305,1,Downtown (1),AI (1); Fintech (1); Fundraising / Investing (1),tech_week_default,Tech Week,icons/processed/tech-week--7DFu4rITofNzKIjA.png,Rolla logo official,"Selected icon is Tech Week default/profile, not the host logo."
23,SF Hardware Meetups,1,301,1,SOMA (1),Engineering (1); Hardware (1),person_avatar_candidate,Miguel Villafuerte,icons/processed/miguel-villafuerte--s0MayPJRSSRymhO8.png,SF Hardware Meetups logo official,Selected Partiful host `Miguel Villafuerte` looks like a person/profile rather than the organization `SF Hardware Meetups`.
24,Mucker Capital,4,296,4,FiDi (4),B2B (4); AI (3); SaaS (3),host_mismatch_candidate,Mucker,icons/processed/mucker--PM0t58OCz1kg5yBM.png,Mucker Capital logo official,Selected Partiful host `Mucker` does not clearly match calendar host `Mucker Capital`.
25,Outhora AI,4,288,4,Virtual (4),AI (4); Cybersecurity (3); Infrastructure (2),tech_week_default,Tech Week,icons/processed/tech-week--7DFu4rITofNzKIjA.png,Outhora AI logo official,"Selected icon is Tech Week default/profile, not the host logo."
26,Flex,6,282,6,Downtown (5); FiDi (1),Fintech (6); AI (6); Fundraising / Investing (3),tech_week_default,Tech Week,icons/processed/tech-week--7DFu4rITofNzKIjA.png,Flex logo official,"Selected icon is Tech Week default/profile, not the host logo."
27,Luvira Consulting,4,270,3,Virtual (4),GTM (3); B2C / Consumer (2); Fundraising / Investing (2),host_mismatch_candidate,Jasmeet,icons/processed/jasmeet--lyzK47BjR1QsXltT.png,Luvira Consulting logo official,Selected Partiful host `Jasmeet` does not clearly match calendar host `Luvira Consulting`.
28,Swissnex in San Francisco,2,266,2,Mission Bay (1); Telegraph Hill (1),AI (1); Deep Tech (1); Hardware (1),host_mismatch_candidate,Lucas,icons/processed/lucas--UfPiSczkofQmz2KC.png,Swissnex in San Francisco logo official,Selected Partiful host `Lucas` does not clearly match calendar host `Swissnex in San Francisco`.
29,Christians*inTech,1,259,1,FiDi (1),B2B (1); B2C / Consumer (1); Fundraising / Investing (1),tech_week_default,Tech Week,icons/processed/tech-week--7DFu4rITofNzKIjA.png,Christians*inTech logo official,"Selected icon is Tech Week default/profile, not the host logo."
30,BPM LLP,2,250,2,Downtown (1); Embarcadero (1),Fundraising / Investing (2); International / Expansion (2); HR / Hiring (1),tech_week_default,Tech Week,icons/processed/tech-week--7DFu4rITofNzKIjA.png,BPM LLP logo official,"Selected icon is Tech Week default/profile, not the host logo."
31,Pygma,4,248,4,SOMA (4),AI (4); Fintech (4); Fundraising / Investing (2),tech_week_default,Tech Week,icons/processed/tech-week--7DFu4rITofNzKIjA.png,Pygma logo official,"Selected icon is Tech Week default/profile, not the host logo."
32,Lume Health Technologies,2,239,2,Mission Bay (1); Dogpatch (1),Healthcare / Healthtech (2); Deep Tech (1); Hardware (1),host_mismatch_candidate,Lume Health,icons/processed/lume-health--Pq4v74aIee4p9I1Y.png,Lume Health Technologies logo official,Selected Partiful host `Lume Health` does not clearly match calendar host `Lume Health Technologies`.
33,Argentina at Silicon Valley,1,239,1,FiDi (1),AI (1); Infrastructure (1); International / Expansion (1),person_avatar_candidate,Argentina At Silicon Valley,icons/processed/argentina-at-silicon-valley--3r8SKfyOSQtqNbvn.png,Argentina at Silicon Valley logo official,Selected Partiful host `Argentina At Silicon Valley` looks like a person/profile rather than the organization `Argentina at Silicon Valley`.
34,PiT-Inference,2,232,2,Union Square (2),AI (2); Fintech (2); Fundraising / Investing (1),tech_week_default,Tech Week,icons/processed/tech-week--7DFu4rITofNzKIjA.png,PiT-Inference logo official,"Selected icon is Tech Week default/profile, not the host logo."
35,Eatopia,2,231,2,Dogpatch (1); Palo Alto (1),AI (2); Healthcare / Healthtech (2); Women-focused (2),tech_week_default,Tech Week,icons/processed/tech-week--7DFu4rITofNzKIjA.png,Eatopia logo official,"Selected icon is Tech Week default/profile, not the host logo."
36,Somarae,2,224,2,Palo Alto (1); Downtown (1),Creators (1); Women-focused (1); B2B (1),tech_week_default,Tech Week,icons/processed/tech-week--7DFu4rITofNzKIjA.png,Somarae logo official,"Selected icon is Tech Week default/profile, not the host logo."
37,Tripo,2,223,2,Downtown (2),AI (2); AR / VR (2); Creators (1),tech_week_default,Tech Week,icons/processed/tech-week--7DFu4rITofNzKIjA.png,Tripo logo official,"Selected icon is Tech Week default/profile, not the host logo."
38,GoElite,2,217,2,FiDi (2),AI (2); International / Expansion (1); Cybersecurity (1),person_avatar_candidate,Veteran Degrees,icons/processed/veteran-degrees--GEhDrwQ58NhMgCw0.png,GoElite logo official,Selected Partiful host `Veteran Degrees` looks like a person/profile rather than the organization `GoElite`.
39,Sisters female founders initiative,1,212,1,Downtown (1),Fundraising / Investing (1); International / Expansion (1); Women-focused (1),host_mismatch_candidate,Sisters - female founders community,icons/processed/sisters-female-founders-community--mVLI4p4rGhb0DeaN.png,Sisters female founders initiative logo official,Selected Partiful host `Sisters - female founders community` does not clearly match calendar host `Sisters female founders initiative`.
40,9 Zero,2,210,2,FiDi (2),AI (2); Climate (2); Engineering (1),host_mismatch_candidate,9Zero,icons/processed/9zero--yp35yMXUvJZXA69R.png,9 Zero logo official,Selected Partiful host `9Zero` does not clearly match calendar host `9 Zero`.
41,BioPioneers,1,203,1,Downtown (1),AI (1); Fundraising / Investing (1); Healthcare / Healthtech (1),person_avatar_candidate,Luke Blauch,icons/processed/luke-blauch--5M4T2Nfsw2Q44oY9.png,BioPioneers logo official,Selected Partiful host `Luke Blauch` looks like a person/profile rather than the organization `BioPioneers`.
42,B Ventures Group,1,202,1,Civic Center (1),AI (1); B2B (1); Defense (1),tech_week_default,Tech Week,icons/processed/tech-week--7DFu4rITofNzKIjA.png,B Ventures Group logo official,"Selected icon is Tech Week default/profile, not the host logo."
43,xVibe AI,2,200,2,SOMA (2),AI (2); Fundraising / Investing (2); GTM (1),host_mismatch_candidate,RoRoll,icons/processed/roroll--x4JZDgMnZnPVyyYZ.png,xVibe AI logo official,Selected Partiful host `RoRoll` does not clearly match calendar host `xVibe AI`.
44,ModernVivo,1,199,1,SOMA (1),AI (1); Healthcare / Healthtech (1),host_mismatch_candidate,Colin,icons/processed/colin--kFYdPRd38QeyOR7o.png,ModernVivo logo official,Selected Partiful host `Colin` does not clearly match calendar host `ModernVivo`.
45,Build Momentum,4,197,4,Downtown (2); Mission (1); FiDi (1),AI (2); International / Expansion (1); Fundraising / Investing (1),host_mismatch_candidate,Eylo,icons/processed/eylo--kut1cgTTsOV1rAVq.png,Build Momentum logo official,Selected Partiful host `Eylo` does not clearly match calendar host `Build Momentum`.
46,Clerk,2,195,2,Dogpatch (1); Mission Bay (1),B2B (2); Infrastructure (1); SaaS (1),host_mismatch_candidate,Ashlynn,icons/processed/ashlynn--SsbbLV2YsadyuPTR.png,Clerk logo official,Selected Partiful host `Ashlynn` does not clearly match calendar host `Clerk`.
47,Financial Women of San Francisco,1,195,1,SOMA (1),AI (1); Fintech (1); Women-focused (1),person_avatar_candidate,Kristin Mauer,icons/processed/kristin-mauer--omghrkczoyakPcon.png,Financial Women of San Francisco logo official,Selected Partiful host `Kristin Mauer` looks like a person/profile rather than the organization `Financial Women of San Francisco`.
48,Hype Network,3,192,2,SOMA (2); Mission Bay (1),AI (3); Fundraising / Investing (2); SaaS (2),host_mismatch_candidate,Meshy,icons/processed/meshy--frMIFwv4faUPHeLj.png,Hype Network logo official,Selected Partiful host `Meshy` does not clearly match calendar host `Hype Network`.
49,10X Growth Strategies,2,188,2,FiDi (1); Downtown (1),AI (2); B2B (2); GTM (1),host_mismatch_candidate,The Future of Tech,icons/processed/the-future-of-tech--dW1WzZ6JRvRNjF6y.png,10X Growth Strategies logo official,Selected Partiful host `The Future of Tech` does not clearly match calendar host `10X Growth Strategies`.
50,"REHATCH Inc,",2,188,2,Union Square (2),AI (2); B2B (1); Engineering (1),tech_week_default,Tech Week,icons/processed/tech-week--7DFu4rITofNzKIjA.png,"REHATCH Inc, logo official","Selected icon is Tech Week default/profile, not the host logo."
