priority_rank,host_name,event_count,visible_guest_count,visible_guest_events,top_neighborhoods,top_themes,current_icon_type,selected_partiful_host_name,current_icon_file,current_icon_source,replacement_query,confidence,needs_manual_review,notes,domain_match_status,matched_domain,matched_company_name,favicon_candidate_url
1,Auth0,3,1196,3,Downtown (1); Embarcadero (1); FiDi (1),AI (3); B2B (3); SaaS (2),host_mismatch_candidate,Shreya,icons/processed/shreya--U6t6HwkiQAfeLxu4.png,https://partiful.imgix.net/profileImages/rw_9GBXBA9oV1Dd9vSjSD?auto=format,Auth0 logo official,low,true,Selected Partiful host `Shreya` does not clearly match calendar host `Auth0`.,unmatched,,,
2,Technology Founders of America,4,813,4,SOMA (4),Fundraising / Investing (2); GTM (2); Media / Entertainment (1),tech_week_default,Tech Week,icons/processed/tech-week--7DFu4rITofNzKIjA.png,https://partiful.imgix.net/profileImages/1ea73bd8-75a1-4614-93?auto=format,Technology Founders of America logo official,low,true,"Selected icon is Tech Week default/profile, not the host logo.",unmatched,,,
3,hallucinate LLC,3,806,3,Mission (2); Hayes Valley (1),Hardware (2); Creators (1); Women-focused (1),host_mismatch_candidate,Abby Morse-Golub,icons/processed/abby-morse-golub--SIdbZOfJbATzq9ku.png,https://partiful.imgix.net/profileImages/nlg4uUoil--jLA4dGnCMr?auto=format,hallucinate LLC logo official,low,true,Selected Partiful host `Abby Morse-Golub` does not clearly match calendar host `hallucinate LLC`.,unmatched,,,
4,Startup Grind,4,555,1,SOMA (2); FiDi (2),AI (3); Deep Tech (3); Fundraising / Investing (3),host_mismatch_candidate,Georgian Innovation Hub,icons/processed/georgian-innovation-hub--iZ1JwzJZYjrdEgUu.png,https://partiful.imgix.net/profileImages/438f5996-92ee-4dd6-8e?auto=format,Startup Grind logo official,low,true,Selected Partiful host `Georgian Innovation Hub` does not clearly match calendar host `Startup Grind`.,matched,startupgrind.com,Startup Grind,https://www.google.com/s2/favicons?domain=startupgrind.com&sz=256
5,Endpoint Arena,2,499,2,Marina (1); Union Square (1),AI (2); Deep Tech (2); Healthcare / Healthtech (2),tech_week_default,Tech Week,icons/processed/tech-week--7DFu4rITofNzKIjA.png,https://partiful.imgix.net/profileImages/1ea73bd8-75a1-4614-93?auto=format,Endpoint Arena logo official,low,true,"Selected icon is Tech Week default/profile, not the host logo.",unmatched,,,
6,Hellyeah AI,2,492,2,Other (1); Mission Bay (1),GTM (2); AI (1); B2C / Consumer (1),host_mismatch_candidate,Hellyeah,icons/processed/hellyeah--Tk5CUoLj4BIt2G2e.png,https://partiful.imgix.net/profileImages/vIOOAbWKXWGz9fkV86k3r?auto=format,Hellyeah AI logo official,low,true,Selected Partiful host `Hellyeah` does not clearly match calendar host `Hellyeah AI`.,unmatched,,,
7,OnlyExit Ventures,4,481,4,Mission (4),Fundraising / Investing (4),person_avatar_candidate,Sahil Sorathiya,icons/processed/sahil-sorathiya--R1AQmHLwFzS7iBPD.png,https://partiful.imgix.net/profileImages/9hjhg7Wp_teV-Qb8aPAz8?auto=format,OnlyExit Ventures logo official,low,true,Selected Partiful host `Sahil Sorathiya` looks like a person/profile rather than the organization `OnlyExit Ventures`.,unmatched,,,
8,Lenn AI,2,474,2,SOMA (1); Downtown (1),AI (2); Hardware (2); Healthcare / Healthtech (1),tech_week_default,Tech Week,icons/processed/tech-week--7DFu4rITofNzKIjA.png,https://partiful.imgix.net/profileImages/1ea73bd8-75a1-4614-93?auto=format,Lenn AI logo official,low,true,"Selected icon is Tech Week default/profile, not the host logo.",unmatched,,,
9,Skillsheet,4,461,4,SOMA (4),AI (4); B2B (4); GTM (4),host_mismatch_candidate,aniket@skillsheet.me,icons/processed/aniket-skillsheet-me--CBnWMZNzISeiJeZB.png,https://partiful.imgix.net/profileImages/oaosuy2nKqeYUVTiDldUZ?auto=format,Skillsheet logo official,low,true,Selected Partiful host `aniket@skillsheet.me` does not clearly match calendar host `Skillsheet`.,unmatched,,,
10,Sushidata,1,428,1,Alamo Square (1),AI (1); B2B (1); GTM (1),host_mismatch_candidate,"George, CEO @ Sushidata",icons/processed/george-ceo-sushidata--miHsnIwqmTg7yLD4.png,https://partiful.imgix.net/profileImages/WrturF9yukvW8pflU6pFC?auto=format,Sushidata logo official,low,true,"Selected Partiful host `George, CEO @ Sushidata` does not clearly match calendar host `Sushidata`.",unmatched,,,
11,Fenwick & West,4,400,4,FiDi (4),AI (3); Healthcare / Healthtech (1); Fundraising / Investing (1),host_mismatch_candidate,Fenwick,icons/processed/fenwick--BEyCEP4Eh7hBy5ga.png,https://partiful.imgix.net/profileImages/2jukN6D9CtmPYm4cERjww?auto=format,Fenwick & West logo official,low,true,Selected Partiful host `Fenwick` does not clearly match calendar host `Fenwick & West`.,not_in_cache,,,
12,AWS for Startups,2,400,2,FiDi (2),AI (2); GTM (2); Infrastructure (1),missing_icon,AWS for Startups,,,AWS for Startups logo official,low,true,No current icon file.,unmatched,,,
13,Tavily,4,389,3,Union Square (1); FiDi (1); Other (1),AI (4); Engineering (3); Deep Tech (1),host_mismatch_candidate,Deskree,icons/processed/deskree--qYdDZWrASlZfTUwy.png,https://partiful.imgix.net/profileImages/ZQ9S50bv_ueiIiLqaaKuJ?auto=format,Tavily logo official,low,true,Selected Partiful host `Deskree` does not clearly match calendar host `Tavily`.,unmatched,,,
14,Virtus Lab,3,377,3,FiDi (3),AI (2); GTM (2); Engineering (2),host_mismatch_candidate,Monika,icons/processed/monika--whz37muV5IQQLJnO.png,https://partiful.imgix.net/profileImages/46iI6XKCY8XONe8FyHRza?auto=format,Virtus Lab logo official,low,true,Selected Partiful host `Monika` does not clearly match calendar host `Virtus Lab`.,matched,virtuslab.com,VirtusLab,https://www.google.com/s2/favicons?domain=virtuslab.com&sz=256
15,Travelbay,3,373,2,Downtown (3),Fundraising / Investing (3); Engineering (1); GTM (1),host_mismatch_candidate,Travelbay Events,icons/processed/travelbay-events--2fWTeB3MdsQsy5tt.png,https://partiful.imgix.net/profileImages/1G22PwdcHCC5yyWgpo0rP?auto=format,Travelbay logo official,low,true,Selected Partiful host `Travelbay Events` does not clearly match calendar host `Travelbay`.,matched,travelbayhq.com,Travelbay,https://www.google.com/s2/favicons?domain=travelbayhq.com&sz=256
16,"Juliet AI, Inc.",4,338,3,Virtual (4),GTM (4); B2B (3); SaaS (2),host_mismatch_candidate,Samir Patel @ www.juliet.space,icons/processed/samir-patel-www-juliet-space--e65V8JXWLagk5DFf.png,https://partiful.imgix.net/profileImages/tpmo9OHtxDA_9gin_kxFJ?auto=format,"Juliet AI, Inc. logo official",low,true,"Selected Partiful host `Samir Patel @ www.juliet.space` does not clearly match calendar host `Juliet AI, Inc.`.",not_in_cache,,,
17,Chaanakya Capital,4,337,4,San Mateo (2); Downtown (2),Fundraising / Investing (4); Healthcare / Healthtech (3); AI (2),host_mismatch_candidate,Cythika B,icons/processed/cythika-b--TgspOHkKebU5UtO2.png,https://partiful.imgix.net/profileImages/tFjt9aoV7buEfVueTgkwP?auto=format,Chaanakya Capital logo official,low,true,Selected Partiful host `Cythika B` does not clearly match calendar host `Chaanakya Capital`.,unmatched,,,
18,Build With AI University,3,328,3,Downtown (3),AI (3); Engineering (1); GTM (1),host_mismatch_candidate,Build With AI Club,icons/processed/build-with-ai-club--qpthIdWs2YzViM36.png,https://partiful.imgix.net/profileImages/wn1w-fR2tnCIqSD81S8-v?auto=format,Build With AI University logo official,low,true,Selected Partiful host `Build With AI Club` does not clearly match calendar host `Build With AI University`.,unmatched,,,
19,This Week in Fintech (TWIF),1,324,1,Downtown (1),B2B (1); Crypto / Web3 (1); Fintech (1),host_mismatch_candidate,This Week in Fintech,icons/processed/this-week-in-fintech--iJ2X380Yx936QLOh.png,https://partiful.imgix.net/profileImages/pcGq8zLEdkYMKIJmrxdut?auto=format,This Week in Fintech (TWIF) logo official,low,true,Selected Partiful host `This Week in Fintech` does not clearly match calendar host `This Week in Fintech (TWIF)`.,not_in_cache,,,
20,AskPetal,2,322,2,Marina (2),AI (2); Healthcare / Healthtech (2); Women-focused (1),tech_week_default,Tech Week,icons/processed/tech-week--7DFu4rITofNzKIjA.png,https://partiful.imgix.net/profileImages/1ea73bd8-75a1-4614-93?auto=format,AskPetal logo official,low,true,"Selected icon is Tech Week default/profile, not the host logo.",unmatched,,,
21,Third Sphere,1,319,1,FiDi (1),Climate (1); Deep Tech (1); Hardware (1),host_mismatch_candidate,Stonly,icons/processed/stonly--h7D1OyK0C0YJuV8j.png,https://partiful.imgix.net/profileImages/Hto9J9EVVPADMbjUhqJCN?auto=format,Third Sphere logo official,low,true,Selected Partiful host `Stonly` does not clearly match calendar host `Third Sphere`.,matched,thirdsphere.com,Third Sphere,https://www.google.com/s2/favicons?domain=thirdsphere.com&sz=256
22,"USER EXPERIENCE by Material Album, presented by Forerunner Ventures",1,314,1,Union Square (1),AI (1); B2C / Consumer (1); Creators (1),host_mismatch_candidate,Material Album,icons/processed/material-album--rBDTlKOQccbg1XCm.png,https://partiful.imgix.net/profileImages/VEWiQK39-Lu4WZuCQOuBk?auto=format,"USER EXPERIENCE by Material Album, presented by Forerunner Ventures logo official",low,true,"Selected Partiful host `Material Album` does not clearly match calendar host `USER EXPERIENCE by Material Album, presented by Forerunner Ventures`.",not_in_cache,,,
23,Rolla,1,305,1,Downtown (1),AI (1); Fintech (1); Fundraising / Investing (1),tech_week_default,Tech Week,icons/processed/tech-week--7DFu4rITofNzKIjA.png,https://partiful.imgix.net/profileImages/1ea73bd8-75a1-4614-93?auto=format,Rolla logo official,low,true,"Selected icon is Tech Week default/profile, not the host logo.",unmatched,,,
24,SF Hardware Meetups,1,301,1,SOMA (1),Engineering (1); Hardware (1),person_avatar_candidate,Miguel Villafuerte,icons/processed/miguel-villafuerte--s0MayPJRSSRymhO8.png,https://partiful.imgix.net/profileImages/QSlHCsOJ5sz56ZU-XZkpI?auto=format,SF Hardware Meetups logo official,low,true,Selected Partiful host `Miguel Villafuerte` looks like a person/profile rather than the organization `SF Hardware Meetups`.,unmatched,,,
25,Mucker Capital,4,296,4,FiDi (4),B2B (4); AI (3); SaaS (3),host_mismatch_candidate,Mucker,icons/processed/mucker--PM0t58OCz1kg5yBM.png,https://partiful.imgix.net/profileImages/JCCi7ia02_p9k5AWFmuJ5?auto=format,Mucker Capital logo official,low,true,Selected Partiful host `Mucker` does not clearly match calendar host `Mucker Capital`.,matched,mucker.com,Mucker Capital,https://www.google.com/s2/favicons?domain=mucker.com&sz=256
26,Outhora AI,4,288,4,Virtual (4),AI (4); Cybersecurity (3); Infrastructure (2),tech_week_default,Tech Week,icons/processed/tech-week--7DFu4rITofNzKIjA.png,https://partiful.imgix.net/profileImages/1ea73bd8-75a1-4614-93?auto=format,Outhora AI logo official,low,true,"Selected icon is Tech Week default/profile, not the host logo.",unmatched,,,
27,Flex,6,282,6,Downtown (5); FiDi (1),Fintech (6); AI (6); Fundraising / Investing (3),tech_week_default,Tech Week,icons/processed/tech-week--7DFu4rITofNzKIjA.png,https://partiful.imgix.net/profileImages/1ea73bd8-75a1-4614-93?auto=format,Flex logo official,low,true,"Selected icon is Tech Week default/profile, not the host logo.",unmatched,,,
28,Savas Labs,2,279,2,SOMA (2),AI (2); Creators (2); Fundraising / Investing (1),tech_week_default,Tech Week,icons/processed/tech-week--7DFu4rITofNzKIjA.png,https://partiful.imgix.net/profileImages/1ea73bd8-75a1-4614-93?auto=format,Savas Labs logo official,low,true,"Selected icon is Tech Week default/profile, not the host logo.",matched,savaslabs.com,Savas Labs,https://www.google.com/s2/favicons?domain=savaslabs.com&sz=256
29,Mercury,3,274,2,Jackson Square (1); SOMA (1); South Beach (1),AI (2); SaaS (2); Fintech (1),tech_week_default,Tech Week,icons/processed/tech-week--7DFu4rITofNzKIjA.png,https://partiful.imgix.net/profileImages/1ea73bd8-75a1-4614-93?auto=format,Mercury logo official,low,true,"Selected icon is Tech Week default/profile, not the host logo.",matched,mercury.com,Mercury,https://www.google.com/s2/favicons?domain=mercury.com&sz=256
30,Luvira Consulting,4,270,3,Virtual (4),GTM (3); B2C / Consumer (2); Fundraising / Investing (2),host_mismatch_candidate,Jasmeet,icons/processed/jasmeet--lyzK47BjR1QsXltT.png,https://partiful.imgix.net/profileImages/d9FbJznwqOcykKOH2SVnm?auto=format,Luvira Consulting logo official,low,true,Selected Partiful host `Jasmeet` does not clearly match calendar host `Luvira Consulting`.,unmatched,,,
31,Swissnex in San Francisco,2,266,2,Mission Bay (1); Telegraph Hill (1),AI (1); Deep Tech (1); Hardware (1),host_mismatch_candidate,Lucas,icons/processed/lucas--UfPiSczkofQmz2KC.png,https://partiful.imgix.net/profileImages/KuRq4jfGiBB6sFqf00otz?auto=format,Swissnex in San Francisco logo official,low,true,Selected Partiful host `Lucas` does not clearly match calendar host `Swissnex in San Francisco`.,unmatched,,,
32,NDVC,1,262,1,FiDi (1),AI (1); Fundraising / Investing (1); Healthcare / Healthtech (1),tech_week_default,Tech Week,icons/processed/tech-week--7DFu4rITofNzKIjA.png,https://partiful.imgix.net/profileImages/1ea73bd8-75a1-4614-93?auto=format,NDVC logo official,low,true,"Selected icon is Tech Week default/profile, not the host logo.",matched,ndvc.com.br,NDVC,https://www.google.com/s2/favicons?domain=ndvc.com.br&sz=256
33,Christians*inTech,1,259,1,FiDi (1),B2B (1); B2C / Consumer (1); Fundraising / Investing (1),tech_week_default,Tech Week,icons/processed/tech-week--7DFu4rITofNzKIjA.png,https://partiful.imgix.net/profileImages/1ea73bd8-75a1-4614-93?auto=format,Christians*inTech logo official,low,true,"Selected icon is Tech Week default/profile, not the host logo.",not_in_cache,,,
34,Press Club,2,254,2,Mission (1); FiDi (1),GTM (2); Media / Entertainment (2); AI (1),host_mismatch_candidate,Articuler.ai,icons/processed/articuler-ai--WdZGYT7imDU9L1BR.png,https://partiful.imgix.net/profileImages/Id7KtyRh7_K4rcMSx9D6-?auto=format,Press Club logo official,low,true,Selected Partiful host `Articuler.ai` does not clearly match calendar host `Press Club`.,matched,pressclubsf.com,Press Club,https://www.google.com/s2/favicons?domain=pressclubsf.com&sz=256
35,BPM LLP,2,250,2,Downtown (1); Embarcadero (1),Fundraising / Investing (2); International / Expansion (2); HR / Hiring (1),tech_week_default,Tech Week,icons/processed/tech-week--7DFu4rITofNzKIjA.png,https://partiful.imgix.net/profileImages/1ea73bd8-75a1-4614-93?auto=format,BPM LLP logo official,low,true,"Selected icon is Tech Week default/profile, not the host logo.",unmatched,,,
36,Pygma,4,248,4,SOMA (4),AI (4); Fintech (4); Fundraising / Investing (2),tech_week_default,Tech Week,icons/processed/tech-week--7DFu4rITofNzKIjA.png,https://partiful.imgix.net/profileImages/1ea73bd8-75a1-4614-93?auto=format,Pygma logo official,low,true,"Selected icon is Tech Week default/profile, not the host logo.",matched,pygma.co,Pygma,https://www.google.com/s2/favicons?domain=pygma.co&sz=256
37,Lume Health Technologies,2,239,2,Mission Bay (1); Dogpatch (1),Healthcare / Healthtech (2); Deep Tech (1); Hardware (1),host_mismatch_candidate,Lume Health,icons/processed/lume-health--Pq4v74aIee4p9I1Y.png,https://partiful.imgix.net/profileImages/8328W71-HcUKQUo9TuURw?auto=format,Lume Health Technologies logo official,low,true,Selected Partiful host `Lume Health` does not clearly match calendar host `Lume Health Technologies`.,unmatched,,,
38,Argentina at Silicon Valley,1,239,1,FiDi (1),AI (1); Infrastructure (1); International / Expansion (1),person_avatar_candidate,Argentina At Silicon Valley,icons/processed/argentina-at-silicon-valley--3r8SKfyOSQtqNbvn.png,https://partiful.imgix.net/profileImages/JNY_5uZaPCGG7rfwyuyTL?auto=format,Argentina at Silicon Valley logo official,low,true,Selected Partiful host `Argentina At Silicon Valley` looks like a person/profile rather than the organization `Argentina at Silicon Valley`.,unmatched,,,
39,PiT-Inference,2,232,2,Union Square (2),AI (2); Fintech (2); Fundraising / Investing (1),tech_week_default,Tech Week,icons/processed/tech-week--7DFu4rITofNzKIjA.png,https://partiful.imgix.net/profileImages/1ea73bd8-75a1-4614-93?auto=format,PiT-Inference logo official,low,true,"Selected icon is Tech Week default/profile, not the host logo.",not_in_cache,,,
40,Eatopia,2,231,2,Dogpatch (1); Palo Alto (1),AI (2); Healthcare / Healthtech (2); Women-focused (2),tech_week_default,Tech Week,icons/processed/tech-week--7DFu4rITofNzKIjA.png,https://partiful.imgix.net/profileImages/1ea73bd8-75a1-4614-93?auto=format,Eatopia logo official,low,true,"Selected icon is Tech Week default/profile, not the host logo.",matched,eatopia.com.br,Eatopia,https://www.google.com/s2/favicons?domain=eatopia.com.br&sz=256
41,Ramp,1,229,1,Marina (1),AI (1); Fintech (1); Fundraising / Investing (1),tech_week_default,Tech Week,icons/processed/tech-week--7DFu4rITofNzKIjA.png,https://partiful.imgix.net/profileImages/1ea73bd8-75a1-4614-93?auto=format,Ramp logo official,low,true,"Selected icon is Tech Week default/profile, not the host logo.",matched,ramp.com,Ramp,https://www.google.com/s2/favicons?domain=ramp.com&sz=256
42,Somarae,2,224,2,Palo Alto (1); Downtown (1),Creators (1); Women-focused (1); B2B (1),tech_week_default,Tech Week,icons/processed/tech-week--7DFu4rITofNzKIjA.png,https://partiful.imgix.net/profileImages/1ea73bd8-75a1-4614-93?auto=format,Somarae logo official,low,true,"Selected icon is Tech Week default/profile, not the host logo.",unmatched,,,
43,Tripo,2,223,2,Downtown (2),AI (2); AR / VR (2); Creators (1),tech_week_default,Tech Week,icons/processed/tech-week--7DFu4rITofNzKIjA.png,https://partiful.imgix.net/profileImages/1ea73bd8-75a1-4614-93?auto=format,Tripo logo official,low,true,"Selected icon is Tech Week default/profile, not the host logo.",unmatched,,,
44,Underdog Labs,1,223,1,Embarcadero (1),AI (1); Fundraising / Investing (1),tech_week_default,Tech Week,icons/processed/tech-week--7DFu4rITofNzKIjA.png,https://partiful.imgix.net/profileImages/1ea73bd8-75a1-4614-93?auto=format,Underdog Labs logo official,low,true,"Selected icon is Tech Week default/profile, not the host logo.",matched,underdoglabs.io,Underdog Labs,https://www.google.com/s2/favicons?domain=underdoglabs.io&sz=256
45,GoElite,2,217,2,FiDi (2),AI (2); International / Expansion (1); Cybersecurity (1),person_avatar_candidate,Veteran Degrees,icons/processed/veteran-degrees--GEhDrwQ58NhMgCw0.png,https://partiful.imgix.net/profileImages/hi2KIJCmjIZyun27fTPxF?auto=format,GoElite logo official,low,true,Selected Partiful host `Veteran Degrees` looks like a person/profile rather than the organization `GoElite`.,matched,goelite.tech,GoElite,https://www.google.com/s2/favicons?domain=goelite.tech&sz=256
46,Deel,15,212,12,SOMA (8); North Beach (2); Embarcadero (1),HR / Hiring (9); SaaS (7); AI (7),tech_week_default,Tech Week,icons/processed/tech-week--7DFu4rITofNzKIjA.png,https://partiful.imgix.net/profileImages/1ea73bd8-75a1-4614-93?auto=format,Deel logo official,low,true,"Selected icon is Tech Week default/profile, not the host logo.",matched,deel.com,Deel,https://www.google.com/s2/favicons?domain=deel.com&sz=256
47,Sisters female founders initiative,1,212,1,Downtown (1),Fundraising / Investing (1); International / Expansion (1); Women-focused (1),host_mismatch_candidate,Sisters - female founders community,icons/processed/sisters-female-founders-community--mVLI4p4rGhb0DeaN.png,https://partiful.imgix.net/profileImages/tzxTJZHoegTvaOjpnW4Bo?auto=format,Sisters female founders initiative logo official,low,true,Selected Partiful host `Sisters - female founders community` does not clearly match calendar host `Sisters female founders initiative`.,unmatched,,,
48,9 Zero,2,210,2,FiDi (2),AI (2); Climate (2); Engineering (1),host_mismatch_candidate,9Zero,icons/processed/9zero--yp35yMXUvJZXA69R.png,https://partiful.imgix.net/profileImages/mJ8WSO41zQGELI3KfBUlI?auto=format,9 Zero logo official,low,true,Selected Partiful host `9Zero` does not clearly match calendar host `9 Zero`.,unmatched,,,
49,HackerSquad,3,207,3,Lower Nob Hill (1); Hayes Valley (1); FiDi (1),AI (3); Engineering (2); Infrastructure (2),host_mismatch_candidate,AJ,icons/processed/aj--0qUXHRrIORSQPLVs.png,https://partiful.imgix.net/profileImages/Z83u4KOhXwE8rUenJLTeb?auto=format,HackerSquad logo official,low,true,Selected Partiful host `AJ` does not clearly match calendar host `HackerSquad`.,matched,hackersquad.net,Hacker Squad,https://www.google.com/s2/favicons?domain=hackersquad.net&sz=256
50,BioPioneers,1,203,1,Downtown (1),AI (1); Fundraising / Investing (1); Healthcare / Healthtech (1),person_avatar_candidate,Luke Blauch,icons/processed/luke-blauch--5M4T2Nfsw2Q44oY9.png,https://partiful.imgix.net/profileImages/uLuMiR1yXRuhpS3FFjkSR?auto=format,BioPioneers logo official,low,true,Selected Partiful host `Luke Blauch` looks like a person/profile rather than the organization `BioPioneers`.,unmatched,,,
51,B Ventures Group,1,202,1,Civic Center (1),AI (1); B2B (1); Defense (1),tech_week_default,Tech Week,icons/processed/tech-week--7DFu4rITofNzKIjA.png,https://partiful.imgix.net/profileImages/1ea73bd8-75a1-4614-93?auto=format,B Ventures Group logo official,low,true,"Selected icon is Tech Week default/profile, not the host logo.",unmatched,,,
52,xVibe AI,2,200,2,SOMA (2),AI (2); Fundraising / Investing (2); GTM (1),host_mismatch_candidate,RoRoll,icons/processed/roroll--x4JZDgMnZnPVyyYZ.png,https://partiful.imgix.net/profileImages/75Utm-1EEdHJl1JOluDWa?auto=format,xVibe AI logo official,low,true,Selected Partiful host `RoRoll` does not clearly match calendar host `xVibe AI`.,unmatched,,,
53,ModernVivo,1,199,1,SOMA (1),AI (1); Healthcare / Healthtech (1),host_mismatch_candidate,Colin,icons/processed/colin--kFYdPRd38QeyOR7o.png,https://partiful.imgix.net/profileImages/3df53786-1d97-4633-ad?auto=format,ModernVivo logo official,low,true,Selected Partiful host `Colin` does not clearly match calendar host `ModernVivo`.,unmatched,,,
54,Build Momentum,4,197,4,Downtown (2); Mission (1); FiDi (1),AI (2); International / Expansion (1); Fundraising / Investing (1),host_mismatch_candidate,Eylo,icons/processed/eylo--kut1cgTTsOV1rAVq.png,https://partiful.imgix.net/profileImages/Ydwe3rIXcIfJUgMER3ST5?auto=format,Build Momentum logo official,low,true,Selected Partiful host `Eylo` does not clearly match calendar host `Build Momentum`.,matched,buildmomentum.com,Build Momentum,https://www.google.com/s2/favicons?domain=buildmomentum.com&sz=256
55,Lorimer Ventures,1,197,1,Other (1),Deep Tech (1); Engineering (1); Hardware (1),host_mismatch_candidate,Zach,icons/processed/zach--zfL4ewCDmjg7iBhA.png,https://partiful.imgix.net/profileImages/1adedb7c-c23c-4ecb-88?auto=format,Lorimer Ventures logo official,low,true,Selected Partiful host `Zach` does not clearly match calendar host `Lorimer Ventures`.,matched,lorimerventures.com,Lorimer Ventures,https://www.google.com/s2/favicons?domain=lorimerventures.com&sz=256
56,Clerk,2,195,2,Dogpatch (1); Mission Bay (1),B2B (2); Infrastructure (1); SaaS (1),host_mismatch_candidate,Ashlynn,icons/processed/ashlynn--SsbbLV2YsadyuPTR.png,https://partiful.imgix.net/profileImages/16HiARjNuUdlzrA6zEpcz?auto=format,Clerk logo official,low,true,Selected Partiful host `Ashlynn` does not clearly match calendar host `Clerk`.,unmatched,,,
57,Financial Women of San Francisco,1,195,1,SOMA (1),AI (1); Fintech (1); Women-focused (1),person_avatar_candidate,Kristin Mauer,icons/processed/kristin-mauer--omghrkczoyakPcon.png,https://partiful.imgix.net/profileImages/Kyg6xtJFwYJAarMnqvWvl?auto=format,Financial Women of San Francisco logo official,low,true,Selected Partiful host `Kristin Mauer` looks like a person/profile rather than the organization `Financial Women of San Francisco`.,matched,financialwomensf.org,Financial Women of San Francisco,https://www.google.com/s2/favicons?domain=financialwomensf.org&sz=256
58,Reddit,1,194,1,SOMA (1),B2B (1); Fundraising / Investing (1); SaaS (1),person_avatar_candidate,Marisa Blanke,icons/processed/marisa-blanke--X23igKAM6nSAzTfM.png,https://partiful.imgix.net/profileImages/EQbKgzqHOR1PrRHFGhRYB?auto=format,Reddit logo official,low,true,Selected Partiful host `Marisa Blanke` looks like a person/profile rather than the organization `Reddit`.,matched,reddit.com,Reddit,https://www.google.com/s2/favicons?domain=reddit.com&sz=256
59,Hype Network,3,192,2,SOMA (2); Mission Bay (1),AI (3); Fundraising / Investing (2); SaaS (2),host_mismatch_candidate,Meshy,icons/processed/meshy--frMIFwv4faUPHeLj.png,https://partiful.imgix.net/profileImages/9F6DBcqmdsrfHSTLMSqxS?auto=format,Hype Network logo official,low,true,Selected Partiful host `Meshy` does not clearly match calendar host `Hype Network`.,matched,hype-network.de,Hype Network,https://www.google.com/s2/favicons?domain=hype-network.de&sz=256
60,Galileo Ventures,1,191,1,FiDi (1),AI (1); Fundraising / Investing (1); International / Expansion (1),host_mismatch_candidate,James,icons/processed/james--KvZlOEov0VgTke6M.png,https://partiful.imgix.net/profileImages/64795589-50e9-4724-9a?auto=format,Galileo Ventures logo official,low,true,Selected Partiful host `James` does not clearly match calendar host `Galileo Ventures`.,matched,galileo.ventures,Galileo Ventures,https://www.google.com/s2/favicons?domain=galileo.ventures&sz=256
61,10X Growth Strategies,2,188,2,FiDi (1); Downtown (1),AI (2); B2B (2); GTM (1),host_mismatch_candidate,The Future of Tech,icons/processed/the-future-of-tech--dW1WzZ6JRvRNjF6y.png,https://partiful.imgix.net/profileImages/r9QzNFnVXBJZoTd4xwZic?auto=format,10X Growth Strategies logo official,low,true,Selected Partiful host `The Future of Tech` does not clearly match calendar host `10X Growth Strategies`.,unmatched,,,
62,"REHATCH Inc,",2,188,2,Union Square (2),AI (2); B2B (1); Engineering (1),tech_week_default,Tech Week,icons/processed/tech-week--7DFu4rITofNzKIjA.png,https://partiful.imgix.net/profileImages/1ea73bd8-75a1-4614-93?auto=format,"REHATCH Inc, logo official",low,true,"Selected icon is Tech Week default/profile, not the host logo.",not_in_cache,,,
63,a16z Perennial,1,180,1,Downtown (1),,host_mismatch_candidate,A16Z Perennial Events,icons/processed/a16z-perennial-events--mF8XXWVVpvWRZW9k.png,https://partiful.imgix.net/profileImages/QhjeZGyFf5RiInwVxiyRo?auto=format,a16z Perennial logo official,low,true,Selected Partiful host `A16Z Perennial Events` does not clearly match calendar host `a16z Perennial`.,unmatched,,,
64,Stand Insurance,1,180,1,FiDi (1),AI (1); Deep Tech (1),host_mismatch_candidate,Stand,icons/processed/stand--XrrKxOHvcO9EH6wm.png,https://partiful.imgix.net/profileImages/lKXoz4Pi9sDBM_KcWepWB?auto=format,Stand Insurance logo official,low,true,Selected Partiful host `Stand` does not clearly match calendar host `Stand Insurance`.,unmatched,,,
65,AKG Media,1,179,1,FiDi (1),AI (1); B2C / Consumer (1); Creators (1),host_mismatch_candidate,AKG MEDIA,icons/processed/akg-media--BrBbcMfDljb4JIUX.png,https://partiful.imgix.net/profileImages/RqvomYcSbhVRAXZqKy_in?auto=format,AKG Media logo official,low,true,Selected Partiful host `AKG MEDIA` does not clearly match calendar host `AKG Media`.,matched,akgmedia.co.uk,AkgMedia,https://www.google.com/s2/favicons?domain=akgmedia.co.uk&sz=256
66,Vectors Capital,1,175,1,FiDi (1),AI (1); Climate (1); Deep Tech (1),host_mismatch_candidate,9Zero,icons/processed/9zero--yp35yMXUvJZXA69R.png,https://partiful.imgix.net/profileImages/mJ8WSO41zQGELI3KfBUlI?auto=format,Vectors Capital logo official,low,true,Selected Partiful host `9Zero` does not clearly match calendar host `Vectors Capital`.,matched,vectors.earth,Vectors Capital,https://www.google.com/s2/favicons?domain=vectors.earth&sz=256
67,Cartesia,3,173,3,Potrero Hill (2); Salesforce Park (1),AI (1); B2B (1); Healthcare / Healthtech (1),host_mismatch_candidate,Cartesia AI,icons/processed/cartesia-ai--FwEJ9oAuTQiSspkY.png,https://partiful.imgix.net/profileImages/oQcM2NtDLYgJjaqshk0AW?auto=format,Cartesia logo official,low,true,Selected Partiful host `Cartesia AI` does not clearly match calendar host `Cartesia`.,matched,cartesia.com,Cartesia,https://www.google.com/s2/favicons?domain=cartesia.com&sz=256
68,AWS,4,170,4,Downtown (4),AI (4); Infrastructure (4); Engineering (2),tech_week_default,Tech Week,icons/processed/tech-week--7DFu4rITofNzKIjA.png,https://partiful.imgix.net/profileImages/1ea73bd8-75a1-4614-93?auto=format,AWS logo official,low,true,"Selected icon is Tech Week default/profile, not the host logo.",matched,aws.training,AWS,https://www.google.com/s2/favicons?domain=aws.training&sz=256
69,Asian Mental Health Project,1,165,1,SOMA (1),AI (1); AR / VR (1); Fintech (1),person_avatar_candidate,Sheela Ivlev,icons/processed/sheela-ivlev--bYEXOm2wxzP8KC8H.png,https://partiful.imgix.net/profileImages/amqTRgqhoxh_V8EvqyIRK?auto=format,Asian Mental Health Project logo official,low,true,Selected Partiful host `Sheela Ivlev` looks like a person/profile rather than the organization `Asian Mental Health Project`.,matched,asianmentalhealthproject.com,Asian Mental Health Project,https://www.google.com/s2/favicons?domain=asianmentalhealthproject.com&sz=256
70,Founders Network,1,165,1,SOMA (1),AI (1); Fundraising / Investing (1); GTM (1),tech_week_default,Tech Week,icons/processed/tech-week--7DFu4rITofNzKIjA.png,https://partiful.imgix.net/profileImages/1ea73bd8-75a1-4614-93?auto=format,Founders Network logo official,low,true,"Selected icon is Tech Week default/profile, not the host logo.",matched,foundersnetwork.com,Founders Network,https://www.google.com/s2/favicons?domain=foundersnetwork.com&sz=256
71,Aparti AI,1,164,1,SOMA (1),AI (1); B2B (1); Fintech (1),host_mismatch_candidate,Shivani,icons/processed/shivani--TB1EmLYIJ7MpZUQI.png,https://partiful.imgix.net/profileImages/RWUKvCs8FfwnPX-JffFon?auto=format,Aparti AI logo official,low,true,Selected Partiful host `Shivani` does not clearly match calendar host `Aparti AI`.,unmatched,,,
72,Naver Ventures,1,162,1,SOMA (1),AI (1); B2B (1); Fundraising / Investing (1),tech_week_default,Tech Week,icons/processed/tech-week--7DFu4rITofNzKIjA.png,https://partiful.imgix.net/profileImages/1ea73bd8-75a1-4614-93?auto=format,Naver Ventures logo official,low,true,"Selected icon is Tech Week default/profile, not the host logo.",unmatched,,,
73,Snyk,1,162,1,FiDi (1),AI (1); Cybersecurity (1); Engineering (1),host_mismatch_candidate,AI Security Engineers SF,icons/processed/ai-security-engineers-sf--h3ZOzhmJDVh0P1Uk.png,https://partiful.imgix.net/profileImages/EDfjXzIqOmnuaAAF67SAA?auto=format,Snyk logo official,low,true,Selected Partiful host `AI Security Engineers SF` does not clearly match calendar host `Snyk`.,matched,snyk.io,Snyk,https://www.google.com/s2/favicons?domain=snyk.io&sz=256
74,VoiceScale,2,161,2,Downtown (2),B2B (1); GTM (1); SaaS (1),tech_week_default,Tech Week,icons/processed/tech-week--7DFu4rITofNzKIjA.png,https://partiful.imgix.net/profileImages/1ea73bd8-75a1-4614-93?auto=format,VoiceScale logo official,low,true,"Selected icon is Tech Week default/profile, not the host logo.",unmatched,,,
75,DLA Piper,1,161,1,SOMA (1),AI (1); Fundraising / Investing (1); Healthcare / Healthtech (1),missing_icon,Sandra Puljic,,,DLA Piper logo official,low,true,No current icon file.,matched,dlapiper.com,DLA Piper,https://www.google.com/s2/favicons?domain=dlapiper.com&sz=256
76,Rest of World,1,161,1,FiDi (1),AI (1); Deep Tech (1); International / Expansion (1),tech_week_default,Tech Week,icons/processed/tech-week--7DFu4rITofNzKIjA.png,https://partiful.imgix.net/profileImages/1ea73bd8-75a1-4614-93?auto=format,Rest of World logo official,low,true,"Selected icon is Tech Week default/profile, not the host logo.",matched,restofworld.org,Rest of World,https://www.google.com/s2/favicons?domain=restofworld.org&sz=256
77,SubWire,1,161,1,Hayes Valley (1),AI (1); B2C / Consumer (1); Media / Entertainment (1),host_mismatch_candidate,Mike Terry (SubWire),icons/processed/mike-terry-subwire--JaMCuZEFXeeWig6M.png,https://partiful.imgix.net/profileImages/R0kBjQeD4jppNDv235MvB?auto=format,SubWire logo official,low,true,Selected Partiful host `Mike Terry (SubWire)` does not clearly match calendar host `SubWire`.,matched,subwire.io,SubWire,https://www.google.com/s2/favicons?domain=subwire.io&sz=256
78,TeroAI,2,155,2,Mission Bay (1); Dogpatch (1),B2B (1); GTM (1); AI (1),host_mismatch_candidate,The Future of Tech,icons/processed/the-future-of-tech--dW1WzZ6JRvRNjF6y.png,https://partiful.imgix.net/profileImages/r9QzNFnVXBJZoTd4xwZic?auto=format,TeroAI logo official,low,true,Selected Partiful host `The Future of Tech` does not clearly match calendar host `TeroAI`.,unmatched,,,
79,Velle,2,155,2,Downtown (1); Embarcadero (1),AI (2); Creators (1); Media / Entertainment (1),tech_week_default,Tech Week,icons/processed/tech-week--7DFu4rITofNzKIjA.png,https://partiful.imgix.net/profileImages/1ea73bd8-75a1-4614-93?auto=format,Velle logo official,low,true,"Selected icon is Tech Week default/profile, not the host logo.",matched,vellefit.com,VELLE,https://www.google.com/s2/favicons?domain=vellefit.com&sz=256
80,PromptQL,3,154,2,SOMA (3),AI (3); B2B (3); SaaS (2),person_avatar_candidate,Rajoshi Ghosh,icons/processed/rajoshi-ghosh--7F4UmNtTCtQ3t3lJ.png,https://partiful.imgix.net/profileImages/PrK_gnZBeyEvFqe_eOcEM?auto=format,PromptQL logo official,low,true,Selected Partiful host `Rajoshi Ghosh` looks like a person/profile rather than the organization `PromptQL`.,unmatched,,,
81,MirWork,2,154,2,SOMA (2),AI (2); HR / Hiring (2); International / Expansion (1),tech_week_default,Tech Week,icons/processed/tech-week--7DFu4rITofNzKIjA.png,https://partiful.imgix.net/profileImages/1ea73bd8-75a1-4614-93?auto=format,MirWork logo official,low,true,"Selected icon is Tech Week default/profile, not the host logo.",matched,mirwork.com,MIRWORK,https://www.google.com/s2/favicons?domain=mirwork.com&sz=256
82,Legendary Ventures,1,154,1,Union Square (1),B2B (1); Deep Tech (1); Healthcare / Healthtech (1),person_avatar_candidate,Jordyn Wallace,icons/processed/jordyn-wallace--evjJMckgUzW0jeb0.png,https://partiful.imgix.net/profileImages/PIBOHn94fGJgFZmdq6RPg?auto=format,Legendary Ventures logo official,low,true,Selected Partiful host `Jordyn Wallace` looks like a person/profile rather than the organization `Legendary Ventures`.,matched,legendven.com,Legendary Ventures,https://www.google.com/s2/favicons?domain=legendven.com&sz=256
83,Superderma AI,3,151,3,FiDi (2); Downtown (1),Healthcare / Healthtech (3); AI (2); Deep Tech (1),tech_week_default,Tech Week,icons/processed/tech-week--7DFu4rITofNzKIjA.png,https://partiful.imgix.net/profileImages/1ea73bd8-75a1-4614-93?auto=format,Superderma AI logo official,low,true,"Selected icon is Tech Week default/profile, not the host logo.",unmatched,,,
84,M13,2,151,2,FiDi (1); Potrero Hill (1),AI (2),missing_icon,M13,,,M13 logo official,low,true,No current icon file.,unmatched,,,
85,OPEN AUSTRIA,2,151,2,SOMA (2),AI (2); Deep Tech (2); Healthcare / Healthtech (2),person_avatar_candidate,Open Austria,icons/processed/open-austria--TXjfK46KwfWK6xfu.png,https://partiful.imgix.net/profileImages/JN8el0qdJIStB8LjynEs6?auto=format,OPEN AUSTRIA logo official,low,true,Selected Partiful host `Open Austria` looks like a person/profile rather than the organization `OPEN AUSTRIA`.,matched,open-austria.com,Open Austria,https://www.google.com/s2/favicons?domain=open-austria.com&sz=256
86,Impact Rise Ventures,1,149,1,SOMA (1),SaaS (1),tech_week_default,Tech Week,icons/processed/tech-week--7DFu4rITofNzKIjA.png,https://partiful.imgix.net/profileImages/1ea73bd8-75a1-4614-93?auto=format,Impact Rise Ventures logo official,low,true,"Selected icon is Tech Week default/profile, not the host logo.",unmatched,,,
87,Pavilion Gold,1,148,1,FiDi (1),AI (1); B2B (1); GTM (1),host_mismatch_candidate,Joi,icons/processed/joi--oi4MRpqTFQTfqyug.png,https://partiful.imgix.net/profileImages/9I68k4ehCQ7Iq9Xnk1CM2?auto=format,Pavilion Gold logo official,low,true,Selected Partiful host `Joi` does not clearly match calendar host `Pavilion Gold`.,unmatched,,,
88,Tusk Ventures,1,147,1,Downtown (1),AI (1); B2B (1); Cybersecurity (1),tech_week_default,Tech Week,icons/processed/tech-week--7DFu4rITofNzKIjA.png,https://partiful.imgix.net/profileImages/1ea73bd8-75a1-4614-93?auto=format,Tusk Ventures logo official,low,true,"Selected icon is Tech Week default/profile, not the host logo.",unmatched,,,
89,Kat Rucker Consulting Group,2,142,2,Virtual (2),B2B (2); GTM (2); SaaS (2),tech_week_default,Tech Week,icons/processed/tech-week--7DFu4rITofNzKIjA.png,https://partiful.imgix.net/profileImages/1ea73bd8-75a1-4614-93?auto=format,Kat Rucker Consulting Group logo official,low,true,"Selected icon is Tech Week default/profile, not the host logo.",unmatched,,,
90,AINative Studio,1,140,1,SOMA (1),AI (1); GTM (1); SaaS (1),person_avatar_candidate,Toby Morning,icons/processed/toby-morning--e0QnE66Vv6MiZUcE.png,https://partiful.imgix.net/profileImages/Jf1a_4dID7J4G1oxCMsjz?auto=format,AINative Studio logo official,low,true,Selected Partiful host `Toby Morning` looks like a person/profile rather than the organization `AINative Studio`.,unmatched,,,
91,Bio-Health Athletic Club,1,140,1,Embarcadero (1),AI (1); Engineering (1); Healthcare / Healthtech (1),host_mismatch_candidate,Felix,icons/processed/felix--Ep041Nx0mmT2owRU.png,https://partiful.imgix.net/profileImages/wQCl-bI7zmAk5PYHyCjFs?auto=format,Bio-Health Athletic Club logo official,low,true,Selected Partiful host `Felix` does not clearly match calendar host `Bio-Health Athletic Club`.,not_in_cache,,,
92,Phase Capital,1,139,1,Other (1),AI (1); Deep Tech (1); Healthcare / Healthtech (1),person_avatar_candidate,Elena Solopova,icons/processed/elena-solopova--iUbdBrejUph8P7QU.png,https://partiful.imgix.net/profileImages/o9i2M5hCuru7Q41dCvcVH?auto=format,Phase Capital logo official,low,true,Selected Partiful host `Elena Solopova` looks like a person/profile rather than the organization `Phase Capital`.,matched,phasecapitalgroup.com,Phase Capital,https://www.google.com/s2/favicons?domain=phasecapitalgroup.com&sz=256
93,Rippling,1,138,1,Nob Hill (1),AI (1); B2B (1); SaaS (1),host_mismatch_candidate,Tech Roast Show,icons/processed/tech-roast-show--27NqI9q5uFZlDqN8.png,https://partiful.imgix.net/profileImages/OXYf4fSKvDDNu8XcungaY?auto=format,Rippling logo official,low,true,Selected Partiful host `Tech Roast Show` does not clearly match calendar host `Rippling`.,matched,rippling.com,Rippling,https://www.google.com/s2/favicons?domain=rippling.com&sz=256
94,Katalyst Space,1,137,1,Mission (1),Defense (1); Fundraising / Investing (1); International / Expansion (1),tech_week_default,Tech Week,icons/processed/tech-week--7DFu4rITofNzKIjA.png,https://partiful.imgix.net/profileImages/1ea73bd8-75a1-4614-93?auto=format,Katalyst Space logo official,low,true,"Selected icon is Tech Week default/profile, not the host logo.",unmatched,,,
95,BAKANA EVENTS,1,136,1,Marina (1),Creators (1); Media / Entertainment (1); Women-focused (1),host_mismatch_candidate,Bakana Events,icons/processed/bakana-events--6XNkf5s9IYMPC6h8.png,https://partiful.imgix.net/profileImages/955acb92-f612-482d-be?auto=format,BAKANA EVENTS logo official,low,true,Selected Partiful host `Bakana Events` does not clearly match calendar host `BAKANA EVENTS`.,matched,bakana-events.com,BAKANA EVENTS,https://www.google.com/s2/favicons?domain=bakana-events.com&sz=256
96,LawBeta,1,135,1,Ocean Beach (1),AI (1); Fintech (1); Fundraising / Investing (1),person_avatar_candidate,Erica Yvette Hollis,icons/processed/erica-yvette-hollis--rlYt8T6R8XcOzVPx.png,https://partiful.imgix.net/profileImages/rJA4CrKxmuTmfuaJ4oxl7?auto=format,LawBeta logo official,low,true,Selected Partiful host `Erica Yvette Hollis` looks like a person/profile rather than the organization `LawBeta`.,unmatched,,,
97,Antler,1,134,1,South Beach (1),AI (1); B2B (1); Fundraising / Investing (1),host_mismatch_candidate,Kaila,icons/processed/kaila--nADjcMP0B8M1LFGr.png,https://partiful.imgix.net/profileImages/LUIykNchlR52Em48pJ21r?auto=format,Antler logo official,low,true,Selected Partiful host `Kaila` does not clearly match calendar host `Antler`.,matched,antler.co,Antler,https://www.google.com/s2/favicons?domain=antler.co&sz=256
98,Baker Tilly,1,134,1,Downtown (1),AI (1),tech_week_default,Tech Week,icons/processed/tech-week--7DFu4rITofNzKIjA.png,https://partiful.imgix.net/profileImages/1ea73bd8-75a1-4614-93?auto=format,Baker Tilly logo official,low,true,"Selected icon is Tech Week default/profile, not the host logo.",matched,tzcpa.com,Baker Tilly,https://www.google.com/s2/favicons?domain=tzcpa.com&sz=256
99,CircleCI,1,133,1,FiDi (1),AI (1); Engineering (1),host_mismatch_candidate,Angeline,icons/processed/angeline--IDbpquNg1Mhwjftv.png,https://partiful.imgix.net/profileImages/DUSTX54K8WABH-sXzBqjo?auto=format,CircleCI logo official,low,true,Selected Partiful host `Angeline` does not clearly match calendar host `CircleCI`.,matched,circleci.com,CircleCI,https://www.google.com/s2/favicons?domain=circleci.com&sz=256
100,CoreWeave,2,132,1,Cow Hollow (1); Mission (1),AI (2),tech_week_default,Tech Week,icons/processed/tech-week--7DFu4rITofNzKIjA.png,https://partiful.imgix.net/profileImages/1ea73bd8-75a1-4614-93?auto=format,CoreWeave logo official,low,true,"Selected icon is Tech Week default/profile, not the host logo.",matched,coreweave.com,CoreWeave,https://www.google.com/s2/favicons?domain=coreweave.com&sz=256
101,CopilotKit,1,130,1,Union Square (1),AI (1); Engineering (1); Infrastructure (1),tech_week_default,Tech Week,icons/processed/tech-week--7DFu4rITofNzKIjA.png,https://partiful.imgix.net/profileImages/1ea73bd8-75a1-4614-93?auto=format,CopilotKit logo official,low,true,"Selected icon is Tech Week default/profile, not the host logo.",unmatched,,,
102,Genpulse Inc,1,130,1,Downtown (1),AI (1); Healthcare / Healthtech (1); Women-focused (1),person_avatar_candidate,Anu Bhat,icons/processed/anu-bhat--lPWhWMnZWChzae0G.png,https://partiful.imgix.net/profileImages/Jg46_eXD02FCWfbklU4PH?auto=format,Genpulse Inc logo official,low,true,Selected Partiful host `Anu Bhat` looks like a person/profile rather than the organization `Genpulse Inc`.,unmatched,,,
103,Rubicon Point Partners,1,130,1,East Bay (1),Climate (1); Creators (1); Fintech (1),tech_week_default,Tech Week,icons/processed/tech-week--7DFu4rITofNzKIjA.png,https://partiful.imgix.net/profileImages/1ea73bd8-75a1-4614-93?auto=format,Rubicon Point Partners logo official,low,true,"Selected icon is Tech Week default/profile, not the host logo.",matched,rubiconpoint.com,Rubicon Point Partners,https://www.google.com/s2/favicons?domain=rubiconpoint.com&sz=256
104,Newgen Venture Partners,1,129,1,FiDi (1),AI (1),person_avatar_candidate,Tony Xiong,icons/processed/tony-xiong--OMj9z5xvvVbZFepg.png,https://partiful.imgix.net/profileImages/MORAAwH8ivvKgDO87M3g4?auto=format,Newgen Venture Partners logo official,low,true,Selected Partiful host `Tony Xiong` looks like a person/profile rather than the organization `Newgen Venture Partners`.,unmatched,,,
105,Seamaphore,1,129,1,Mission Bay (1),AI (1); Deep Tech (1); GTM (1),person_avatar_candidate,Alex Higby,icons/processed/alex-higby--izlmnswXr0RvaljB.png,https://partiful.imgix.net/profileImages/l_Nt_KSClhiJ-GprNHc0T?auto=format,Seamaphore logo official,low,true,Selected Partiful host `Alex Higby` looks like a person/profile rather than the organization `Seamaphore`.,unmatched,,,
106,NachoNacho,1,128,1,Downtown (1),AI (1); B2B (1); SaaS (1),host_mismatch_candidate,Deel,icons/processed/deel--c1YHA6JwJHTDWBIK.png,https://partiful.imgix.net/profileImages/fw7aj-ldpEOk_i0uKrY4f?auto=format,NachoNacho logo official,low,true,Selected Partiful host `Deel` does not clearly match calendar host `NachoNacho`.,matched,nachonacho.com,NachoNacho,https://www.google.com/s2/favicons?domain=nachonacho.com&sz=256
107,Nippon Life X,1,128,1,Union Square (1),AI (1); Healthcare / Healthtech (1),tech_week_default,Tech Week,icons/processed/tech-week--7DFu4rITofNzKIjA.png,https://partiful.imgix.net/profileImages/1ea73bd8-75a1-4614-93?auto=format,Nippon Life X logo official,low,true,"Selected icon is Tech Week default/profile, not the host logo.",unmatched,,,
108,Synlico,1,128,1,Virtual (1),AI (1); Deep Tech (1); Healthcare / Healthtech (1),tech_week_default,Tech Week,icons/processed/tech-week--7DFu4rITofNzKIjA.png,https://partiful.imgix.net/profileImages/1ea73bd8-75a1-4614-93?auto=format,Synlico logo official,low,true,"Selected icon is Tech Week default/profile, not the host logo.",matched,synlico.com,Synlico,https://www.google.com/s2/favicons?domain=synlico.com&sz=256
109,GoPresent,1,127,1,Union Square (1),Fundraising / Investing (1),tech_week_default,Tech Week,icons/processed/tech-week--7DFu4rITofNzKIjA.png,https://partiful.imgix.net/profileImages/1ea73bd8-75a1-4614-93?auto=format,GoPresent logo official,low,true,"Selected icon is Tech Week default/profile, not the host logo.",unmatched,,,
110,Subconscious,1,127,1,Marina (1),AI (1); Deep Tech (1); Infrastructure (1),tech_week_default,Tech Week,icons/processed/tech-week--7DFu4rITofNzKIjA.png,https://partiful.imgix.net/profileImages/1ea73bd8-75a1-4614-93?auto=format,Subconscious logo official,low,true,"Selected icon is Tech Week default/profile, not the host logo.",matched,subconscious.co,Subconscious,https://www.google.com/s2/favicons?domain=subconscious.co&sz=256
111,Provoke Solutions,1,124,1,Downtown (1),AI (1); Engineering (1); GTM (1),tech_week_default,Tech Week,icons/processed/tech-week--7DFu4rITofNzKIjA.png,https://partiful.imgix.net/profileImages/1ea73bd8-75a1-4614-93?auto=format,Provoke Solutions logo official,low,true,"Selected icon is Tech Week default/profile, not the host logo.",matched,provokesolutions.com,Provoke Solutions,https://www.google.com/s2/favicons?domain=provokesolutions.com&sz=256
112,MedPhone AI,1,123,1,Virtual (1),Healthcare / Healthtech (1),tech_week_default,Tech Week,icons/processed/tech-week--7DFu4rITofNzKIjA.png,https://partiful.imgix.net/profileImages/1ea73bd8-75a1-4614-93?auto=format,MedPhone AI logo official,low,true,"Selected icon is Tech Week default/profile, not the host logo.",unmatched,,,
113,SparkLabs Group,1,123,1,SOMA (1),AI (1); Deep Tech (1); Fundraising / Investing (1),host_mismatch_candidate,Robert (Rob) DeMillo,icons/processed/robert-rob-demillo--2XepkG0Dp7PG4xO3.png,https://partiful.imgix.net/profileImages/2tFtvSHolCezyUQxMQ_eT?auto=format,SparkLabs Group logo official,low,true,Selected Partiful host `Robert (Rob) DeMillo` does not clearly match calendar host `SparkLabs Group`.,matched,sparklabsgroup.com,SparkLabsGroup,https://www.google.com/s2/favicons?domain=sparklabsgroup.com&sz=256
114,Beta University,2,121,1,Palo Alto (1); Downtown (1),AI (2); Deep Tech (1); Hardware (1),host_mismatch_candidate,Creao AI,icons/processed/creao-ai--N06HWxrZdESw5R1C.png,https://partiful.imgix.net/profileImages/EIqvAoDa4o7peNShysu7-?auto=format,Beta University logo official,low,true,Selected Partiful host `Creao AI` does not clearly match calendar host `Beta University`.,unmatched,,,
115,AISquared,1,121,1,Palo Alto (1),AI (1); Cybersecurity (1); Deep Tech (1),tech_week_default,Tech Week,icons/processed/tech-week--7DFu4rITofNzKIjA.png,https://partiful.imgix.net/profileImages/1ea73bd8-75a1-4614-93?auto=format,AISquared logo official,low,true,"Selected icon is Tech Week default/profile, not the host logo.",matched,squared.ai,"AI Squared,",https://www.google.com/s2/favicons?domain=squared.ai&sz=256
116,Cognizant AI Lab,1,120,1,Downtown (1),AI (1); Deep Tech (1),tech_week_default,Tech Week,icons/processed/tech-week--7DFu4rITofNzKIjA.png,https://partiful.imgix.net/profileImages/1ea73bd8-75a1-4614-93?auto=format,Cognizant AI Lab logo official,low,true,"Selected icon is Tech Week default/profile, not the host logo.",unmatched,,,
117,Forum Ventures,1,120,1,SOMA (1),AI (1); B2B (1); SaaS (1),tech_week_default,Tech Week,icons/processed/tech-week--7DFu4rITofNzKIjA.png,https://partiful.imgix.net/profileImages/1ea73bd8-75a1-4614-93?auto=format,Forum Ventures logo official,low,true,"Selected icon is Tech Week default/profile, not the host logo.",matched,forumvc.com,Forum Ventures,https://www.google.com/s2/favicons?domain=forumvc.com&sz=256
118,NextGen Entrepreneurial Network (NGEN),1,120,1,FiDi (1),AI (1); B2B (1); Fundraising / Investing (1),tech_week_default,Tech Week,icons/processed/tech-week--7DFu4rITofNzKIjA.png,https://partiful.imgix.net/profileImages/1ea73bd8-75a1-4614-93?auto=format,NextGen Entrepreneurial Network (NGEN) logo official,low,true,"Selected icon is Tech Week default/profile, not the host logo.",not_in_cache,,,
119,Visa,1,120,1,Mission Bay (1),B2B (1); B2C / Consumer (1); Fintech (1),host_mismatch_candidate,Visa FinTech Partnerships,icons/processed/visa-fintech-partnerships--huF4UriWIUb3ECyf.png,https://partiful.imgix.net/profileImages/O-Nr6ev2fcSRQUNK2VTg3?auto=format,Visa logo official,low,true,Selected Partiful host `Visa FinTech Partnerships` does not clearly match calendar host `Visa`.,matched,visa.com,Visa,https://www.google.com/s2/favicons?domain=visa.com&sz=256
120,OpenTable,1,119,1,FiDi (1),AI (1),tech_week_default,Tech Week,icons/processed/tech-week--7DFu4rITofNzKIjA.png,https://partiful.imgix.net/profileImages/1ea73bd8-75a1-4614-93?auto=format,OpenTable logo official,low,true,"Selected icon is Tech Week default/profile, not the host logo.",matched,opentable.com,OpenTable,https://www.google.com/s2/favicons?domain=opentable.com&sz=256
121,american south asian network,4,117,4,Downtown (4),AI (2); Women-focused (1); AR / VR (1),host_mismatch_candidate,ASAN,icons/processed/asan--QjAQ7et3eKrudQ24.png,https://partiful.imgix.net/profileImages/a7fe71ac-205c-46dd-86?auto=format,american south asian network logo official,low,true,Selected Partiful host `ASAN` does not clearly match calendar host `american south asian network`.,unmatched,,,
122,Fund Bridge,4,117,3,SOMA (2); Embarcadero (1); Civic Center (1),B2B (4); AI (2); Deep Tech (2),tech_week_default,Tech Week,icons/processed/tech-week--7DFu4rITofNzKIjA.png,https://partiful.imgix.net/profileImages/1ea73bd8-75a1-4614-93?auto=format,Fund Bridge logo official,low,true,"Selected icon is Tech Week default/profile, not the host logo.",matched,fundbridge.de,Fundbridge,https://www.google.com/s2/favicons?domain=fundbridge.de&sz=256
123,Workflow Builder,5,116,5,Downtown (3); Fisherman's Wharf (2),Engineering (5); Deep Tech (3); SaaS (2),host_mismatch_candidate,Mateusz Jagodziński,icons/processed/mateusz-jagodzi-ski--6o0P3JNCrPRAS904.png,https://partiful.imgix.net/profileImages/7gcLbiPzqzP5KsjkSGOIy?auto=format,Workflow Builder logo official,low,true,Selected Partiful host `Mateusz Jagodziński` does not clearly match calendar host `Workflow Builder`.,unmatched,,,
124,STRATIVIS,4,116,4,Virtual (4),HR / Hiring (3); Engineering (2); Women-focused (2),tech_week_default,Tech Week,icons/processed/tech-week--7DFu4rITofNzKIjA.png,https://partiful.imgix.net/profileImages/1ea73bd8-75a1-4614-93?auto=format,STRATIVIS logo official,low,true,"Selected icon is Tech Week default/profile, not the host logo.",unmatched,,,
125,Eleks,1,116,1,Union Square (1),Media / Entertainment (1),host_mismatch_candidate,Rails AI,icons/processed/rails-ai--t7SllWAmwuAu0sUZ.png,https://partiful.imgix.net/profileImages/AvOXXZ9J6AH2hNi-AOjoA?auto=format,Eleks logo official,low,true,Selected Partiful host `Rails AI` does not clearly match calendar host `Eleks`.,matched,eleks.com,ELEKS,https://www.google.com/s2/favicons?domain=eleks.com&sz=256
126,Airwallex,5,115,4,FiDi (3); Downtown (1); South Beach (1),AI (5); Fintech (5); Engineering (1),person_avatar_candidate,Michael Morgenstern,icons/processed/michael-morgenstern--qGUyKOPfZAT6QRpH.png,https://partiful.imgix.net/profileImages/cpaNjeOApfIsB2sUDgMr7?auto=format,Airwallex logo official,low,true,Selected Partiful host `Michael Morgenstern` looks like a person/profile rather than the organization `Airwallex`.,matched,airwallex.com,Airwallex,https://www.google.com/s2/favicons?domain=airwallex.com&sz=256
127,Expensify,1,115,1,Downtown (1),Fundraising / Investing (1); SaaS (1),tech_week_default,Tech Week,icons/processed/tech-week--7DFu4rITofNzKIjA.png,https://partiful.imgix.net/profileImages/1ea73bd8-75a1-4614-93?auto=format,Expensify logo official,low,true,"Selected icon is Tech Week default/profile, not the host logo.",matched,expensify.com,Expensify,https://www.google.com/s2/favicons?domain=expensify.com&sz=256
128,Heidi,1,114,1,SOMA (1),AI (1); Engineering (1); Healthcare / Healthtech (1),host_mismatch_candidate,Heidi Health,icons/processed/heidi-health--zaGyHUf8VP0MlRPJ.png,https://partiful.imgix.net/profileImages/Iuzyo6UPqeMNrikapE8vn?auto=format,Heidi logo official,low,true,Selected Partiful host `Heidi Health` does not clearly match calendar host `Heidi`.,unmatched,,,
129,SystemPromptIndex,1,114,1,Downtown (1),AI (1); B2B (1); Infrastructure (1),person_avatar_candidate,Jiaxin Pei,icons/processed/jiaxin-pei--aVERmDwpYpbfg0od.png,https://partiful.imgix.net/profileImages/fb4d7fff-32d8-4f59-89?auto=format,SystemPromptIndex logo official,low,true,Selected Partiful host `Jiaxin Pei` looks like a person/profile rather than the organization `SystemPromptIndex`.,unmatched,,,
130,Brick & Mortar Ventures,1,113,1,Jackson Square (1),Fundraising / Investing (1); GTM (1),tech_week_default,Tech Week,icons/processed/tech-week--7DFu4rITofNzKIjA.png,https://partiful.imgix.net/profileImages/1ea73bd8-75a1-4614-93?auto=format,Brick & Mortar Ventures logo official,low,true,"Selected icon is Tech Week default/profile, not the host logo.",not_in_cache,,,
131,Shane & Ife,1,112,1,Embarcadero (1),Fundraising / Investing (1),tech_week_default,Tech Week,icons/processed/tech-week--7DFu4rITofNzKIjA.png,https://partiful.imgix.net/profileImages/1ea73bd8-75a1-4614-93?auto=format,Shane & Ife logo official,low,true,"Selected icon is Tech Week default/profile, not the host logo.",not_in_cache,,,
132,Surge People Partners,4,111,4,FiDi (3); Jackson Square (1),AI (4); HR / Hiring (3); B2B (2),person_avatar_candidate,Monique Johnson,icons/processed/monique-johnson--BCYM9CukaBMZNKuW.png,https://partiful.imgix.net/profileImages/BHxWvJrHTM_EMnOjM7B9U?auto=format,Surge People Partners logo official,low,true,Selected Partiful host `Monique Johnson` looks like a person/profile rather than the organization `Surge People Partners`.,unmatched,,,
133,"Cloudonix, Inc",2,110,2,Virtual (2),AI (2); Infrastructure (1); SaaS (1),person_avatar_candidate,Pritesh Kumar,icons/processed/pritesh-kumar--HepvAYI2sxW5qaPq.png,https://partiful.imgix.net/profileImages/0UrFPdWn3xBJ-T4viK5Cd?auto=format,"Cloudonix, Inc logo official",low,true,"Selected Partiful host `Pritesh Kumar` looks like a person/profile rather than the organization `Cloudonix, Inc`.",not_in_cache,,,
134,Innovate Bay,2,110,2,Union Square (1); SOMA (1),AI (2); Deep Tech (2); Fundraising / Investing (2),host_mismatch_candidate,Christine,icons/processed/christine--UswpReOjzLO5ksXb.png,https://partiful.imgix.net/profileImages/0gm7JVM52kaKw2GTuxb8X?auto=format,Innovate Bay logo official,low,true,Selected Partiful host `Christine` does not clearly match calendar host `Innovate Bay`.,unmatched,,,
135,pop pop tech,1,110,1,Downtown (1),AI (1); B2B (1),host_mismatch_candidate,Pop Pop Tech,icons/processed/pop-pop-tech--AWWWcLuSeKWjUend.png,https://partiful.imgix.net/profileImages/My5lGScy86Uu3OnAa_qJ_?auto=format,pop pop tech logo official,low,true,Selected Partiful host `Pop Pop Tech` does not clearly match calendar host `pop pop tech`.,unmatched,,,
136,Aim-Hi,1,109,1,Mountain View (1),AI (1); B2B (1); Media / Entertainment (1),tech_week_default,Tech Week,icons/processed/tech-week--7DFu4rITofNzKIjA.png,https://partiful.imgix.net/profileImages/1ea73bd8-75a1-4614-93?auto=format,Aim-Hi logo official,low,true,"Selected icon is Tech Week default/profile, not the host logo.",not_in_cache,,,
137,NeuralPort Inc.,2,108,2,FiDi (2),AI (2); AR / VR (2); Healthcare / Healthtech (2),person_avatar_candidate,Fuma Hayashi,icons/processed/fuma-hayashi--sNGVYXTiYJe4iJf6.png,https://partiful.imgix.net/profileImages/clgxoAx422fO_9Eb2FtUm?auto=format,NeuralPort Inc. logo official,low,true,Selected Partiful host `Fuma Hayashi` looks like a person/profile rather than the organization `NeuralPort Inc.`.,not_in_cache,,,
138,Stanford student,1,108,1,Palo Alto (1),AI (1); B2C / Consumer (1); Healthcare / Healthtech (1),person_avatar_candidate,Xiaojing Xing,icons/processed/xiaojing-xing--qkvF6kO2l6MEFhPO.png,https://partiful.imgix.net/profileImages/GQ2PP_uLsQx1o-AYLRRLZ?auto=format,Stanford student logo official,low,true,Selected Partiful host `Xiaojing Xing` looks like a person/profile rather than the organization `Stanford student`.,unmatched,,,
139,Streamlogic,1,108,1,Virtual (1),AI (1),tech_week_default,Tech Week,icons/processed/tech-week--7DFu4rITofNzKIjA.png,https://partiful.imgix.net/profileImages/1ea73bd8-75a1-4614-93?auto=format,Streamlogic logo official,low,true,"Selected icon is Tech Week default/profile, not the host logo.",matched,streamlogic.com,Streamlogic,https://www.google.com/s2/favicons?domain=streamlogic.com&sz=256
140,Waybox Inc,2,107,2,Stanford (1); Downtown (1),AI (2); B2C / Consumer (2); GTM (1),host_mismatch_candidate,Waybox Inc.,icons/processed/waybox-inc--yd5xybJ5WHX8moIs.png,https://partiful.imgix.net/profileImages/Zw8eXlL48qjtuahDranCQ?auto=format,Waybox Inc logo official,low,true,Selected Partiful host `Waybox Inc.` does not clearly match calendar host `Waybox Inc`.,unmatched,,,
141,Cipher,1,107,1,SOMA (1),,host_mismatch_candidate,phylicia,icons/processed/phylicia--EfvDL6O8kAe3Qvke.png,https://partiful.imgix.net/profileImages/njUH96_XdVIfnxrKqh8m_?auto=format,Cipher logo official,low,true,Selected Partiful host `phylicia` does not clearly match calendar host `Cipher`.,matched,carrycipher.com,Cipher,https://www.google.com/s2/favicons?domain=carrycipher.com&sz=256
142,KPMG LLP,1,106,1,Downtown (1),AI (1),tech_week_default,Tech Week,icons/processed/tech-week--7DFu4rITofNzKIjA.png,https://partiful.imgix.net/profileImages/1ea73bd8-75a1-4614-93?auto=format,KPMG LLP logo official,low,true,"Selected icon is Tech Week default/profile, not the host logo.",unmatched,,,
143,TurbineOne,1,106,1,SOMA (1),AI (1); Defense (1),tech_week_default,Tech Week,icons/processed/tech-week--7DFu4rITofNzKIjA.png,https://partiful.imgix.net/profileImages/1ea73bd8-75a1-4614-93?auto=format,TurbineOne logo official,low,true,"Selected icon is Tech Week default/profile, not the host logo.",matched,turbineone.com,TurbineOne,https://www.google.com/s2/favicons?domain=turbineone.com&sz=256
144,HebberlyAhatlan.com,2,105,2,Pacific Heights (2),AI (2); Engineering (2); B2C / Consumer (1),person_avatar_candidate,Hebberly Ahatlan,icons/processed/hebberly-ahatlan--GNsR6FS9BKXs61cO.png,https://partiful.imgix.net/profileImages/g9rWAcJGHqm6_zEJST0a7?auto=format,HebberlyAhatlan.com logo official,low,true,Selected Partiful host `Hebberly Ahatlan` looks like a person/profile rather than the organization `HebberlyAhatlan.com`.,not_in_cache,,,
145,Women X Foundation,1,105,1,Downtown (1),AI (1); Deep Tech (1); Infrastructure (1),host_mismatch_candidate,Women X,icons/processed/women-x--Hm2En1w43SRqK6Vk.png,https://partiful.imgix.net/profileImages/d2KYVlZyNtmR6Awz9NBN0?auto=format,Women X Foundation logo official,low,true,Selected Partiful host `Women X` does not clearly match calendar host `Women X Foundation`.,unmatched,,,
146,Pactto,2,104,2,SOMA (1); Mission Bay (1),AI (2); GTM (1); Media / Entertainment (1),tech_week_default,Tech Week,icons/processed/tech-week--7DFu4rITofNzKIjA.png,https://partiful.imgix.net/profileImages/1ea73bd8-75a1-4614-93?auto=format,Pactto logo official,low,true,"Selected icon is Tech Week default/profile, not the host logo.",matched,pactto.com,Pactto,https://www.google.com/s2/favicons?domain=pactto.com&sz=256
147,Amboy Street Ventures,1,104,1,Marina (1),Fundraising / Investing (1); Healthcare / Healthtech (1); Women-focused (1),person_avatar_candidate,Astrid Arias,icons/processed/astrid-arias--Vgof2PJfSFheHWmM.png,https://partiful.imgix.net/profileImages/2boYRn6pHZ3CtzU6QpBDB?auto=format,Amboy Street Ventures logo official,low,true,Selected Partiful host `Astrid Arias` looks like a person/profile rather than the organization `Amboy Street Ventures`.,matched,amboystreet.vc,Amboy Street Ventures,https://www.google.com/s2/favicons?domain=amboystreet.vc&sz=256
148,CentryaAI,1,104,1,FiDi (1),AI (1); B2B (1); Creators (1),host_mismatch_candidate,James,icons/processed/james--WThVjGK4psWdxCWJ.png,https://partiful.imgix.net/profileImages/c6bb785f-a4b0-4a96-ba?auto=format,CentryaAI logo official,low,true,Selected Partiful host `James` does not clearly match calendar host `CentryaAI`.,unmatched,,,
149,Marvelous,3,103,2,FiDi (3),AI (2); Healthcare / Healthtech (2); GTM (1),tech_week_default,Tech Week,icons/processed/tech-week--7DFu4rITofNzKIjA.png,https://partiful.imgix.net/profileImages/1ea73bd8-75a1-4614-93?auto=format,Marvelous logo official,low,true,"Selected icon is Tech Week default/profile, not the host logo.",matched,marv.jp,Marvelous,https://www.google.com/s2/favicons?domain=marv.jp&sz=256
150,Nectao,1,103,1,Mission (1),AI (1); B2B (1); Deep Tech (1),tech_week_default,Tech Week,icons/processed/tech-week--7DFu4rITofNzKIjA.png,https://partiful.imgix.net/profileImages/1ea73bd8-75a1-4614-93?auto=format,Nectao logo official,low,true,"Selected icon is Tech Week default/profile, not the host logo.",unmatched,,,
151,Venture Point Legal P.C.,1,103,1,Golden Gate Park (1),Fundraising / Investing (1); International / Expansion (1),person_avatar_candidate,Ellisha Blechynden,icons/processed/ellisha-blechynden--Q38cR9y4QJP75MXJ.png,https://partiful.imgix.net/profileImages/z0b2u9kKIGq2KCmnJNSaQ?auto=format,Venture Point Legal P.C. logo official,low,true,Selected Partiful host `Ellisha Blechynden` looks like a person/profile rather than the organization `Venture Point Legal P.C.`.,not_in_cache,,,
152,Lumoz AI Inc.,1,102,1,Downtown (1),AI (1); B2B (1); Engineering (1),tech_week_default,Tech Week,icons/processed/tech-week--7DFu4rITofNzKIjA.png,https://partiful.imgix.net/profileImages/1ea73bd8-75a1-4614-93?auto=format,Lumoz AI Inc. logo official,low,true,"Selected icon is Tech Week default/profile, not the host logo.",not_in_cache,,,
153,Wizium,2,101,2,SOMA (2),Fundraising / Investing (2); AI (1); Fintech (1),host_mismatch_candidate,Alena,icons/processed/alena--XgRWfj3YFqXEwW9I.png,https://partiful.imgix.net/profileImages/jQsYGh1dbRVyqIHeHSLzN?auto=format,Wizium logo official,low,true,Selected Partiful host `Alena` does not clearly match calendar host `Wizium`.,unmatched,,,
154,Golden Bay Ventures,1,100,1,Downtown (1),AI (1); Fundraising / Investing (1); International / Expansion (1),host_mismatch_candidate,Dilara,icons/processed/dilara--ua4rmHhpJdcByPvO.png,https://partiful.imgix.net/profileImages/gTwekZMr9qJZSydinYw_-?auto=format,Golden Bay Ventures logo official,low,true,Selected Partiful host `Dilara` does not clearly match calendar host `Golden Bay Ventures`.,unmatched,,,
155,Sonilo,1,100,1,Mission Bay (1),AI (1); Creators (1); Media / Entertainment (1),host_mismatch_candidate,Sonilo AI,icons/processed/sonilo-ai--bdH4OqaW1VcyxJez.png,https://partiful.imgix.net/profileImages/Z0njsSYWquK0RAIkKI25o?auto=format,Sonilo logo official,low,true,Selected Partiful host `Sonilo AI` does not clearly match calendar host `Sonilo`.,unmatched,,,
156,TRAU ( Venture Design Studio ),1,100,1,Civic Center (1),GTM (1); Media / Entertainment (1); SaaS (1),host_mismatch_candidate,Ondrej,icons/processed/ondrej--yX79BMdh1CPYJVPM.png,https://partiful.imgix.net/profileImages/UYIiUcgpnFSdLWXwPz7OP?auto=format,TRAU ( Venture Design Studio ) logo official,low,true,Selected Partiful host `Ondrej` does not clearly match calendar host `TRAU ( Venture Design Studio )`.,not_in_cache,,,
157,a16z,6,99,5,FiDi (1); Golden Gate Park (1); Mission Bay (1),AI (5); B2B (1); SaaS (1),tech_week_default,Tech Week,icons/processed/tech-week--7DFu4rITofNzKIjA.png,https://partiful.imgix.net/profileImages/1ea73bd8-75a1-4614-93?auto=format,a16z logo official,low,true,"Selected icon is Tech Week default/profile, not the host logo.",unmatched,,,
158,Senal,4,99,4,Stanford (2); SOMA (1); Downtown (1),AI (3); Fintech (3); Fundraising / Investing (2),tech_week_default,Tech Week,icons/processed/tech-week--7DFu4rITofNzKIjA.png,https://partiful.imgix.net/profileImages/1ea73bd8-75a1-4614-93?auto=format,Senal logo official,low,true,"Selected icon is Tech Week default/profile, not the host logo.",unmatched,,,
159,SF Game Development,1,98,1,SOMA (1),B2C / Consumer (1); Gaming (1); GTM (1),tech_week_default,Tech Week,icons/processed/tech-week--7DFu4rITofNzKIjA.png,https://partiful.imgix.net/profileImages/1ea73bd8-75a1-4614-93?auto=format,SF Game Development logo official,low,true,"Selected icon is Tech Week default/profile, not the host logo.",unmatched,,,
160,Zee Labs,1,98,1,Embarcadero (1),AI (1); B2B (1),tech_week_default,Tech Week,icons/processed/tech-week--7DFu4rITofNzKIjA.png,https://partiful.imgix.net/profileImages/1ea73bd8-75a1-4614-93?auto=format,Zee Labs logo official,low,true,"Selected icon is Tech Week default/profile, not the host logo.",matched,zeelabs.com,Zeelabs,https://www.google.com/s2/favicons?domain=zeelabs.com&sz=256
161,Care Mojo,1,97,1,Stanford (1),AI (1),tech_week_default,Tech Week,icons/processed/tech-week--7DFu4rITofNzKIjA.png,https://partiful.imgix.net/profileImages/1ea73bd8-75a1-4614-93?auto=format,Care Mojo logo official,low,true,"Selected icon is Tech Week default/profile, not the host logo.",unmatched,,,
162,Mano Games,2,96,2,Downtown (1); Other (1),AI (2); Gaming (2); Media / Entertainment (2),person_avatar_candidate,Olin Geimer,icons/processed/olin-geimer--3vdhK6lP2pYC0KoP.png,https://partiful.imgix.net/profileImages/nHtzKaAk9AGiBIqAbSafh?auto=format,Mano Games logo official,low,true,Selected Partiful host `Olin Geimer` looks like a person/profile rather than the organization `Mano Games`.,unmatched,,,
163,Weber Shandwick,1,95,1,FiDi (1),AI (1); B2B (1); Media / Entertainment (1),tech_week_default,Tech Week,icons/processed/tech-week--7DFu4rITofNzKIjA.png,https://partiful.imgix.net/profileImages/1ea73bd8-75a1-4614-93?auto=format,Weber Shandwick logo official,low,true,"Selected icon is Tech Week default/profile, not the host logo.",matched,webershandwick.com,Weber Shandwick,https://www.google.com/s2/favicons?domain=webershandwick.com&sz=256
164,HealMint,1,94,1,Downtown (1),AI (1); Hardware (1); Healthcare / Healthtech (1),tech_week_default,Tech Week,icons/processed/tech-week--7DFu4rITofNzKIjA.png,https://partiful.imgix.net/profileImages/1ea73bd8-75a1-4614-93?auto=format,HealMint logo official,low,true,"Selected icon is Tech Week default/profile, not the host logo.",unmatched,,,
165,Indeed,1,94,1,Downtown (1),AI (1); HR / Hiring (1),tech_week_default,Tech Week,icons/processed/tech-week--7DFu4rITofNzKIjA.png,https://partiful.imgix.net/profileImages/1ea73bd8-75a1-4614-93?auto=format,Indeed logo official,low,true,"Selected icon is Tech Week default/profile, not the host logo.",matched,indeed.com,Indeed,https://www.google.com/s2/favicons?domain=indeed.com&sz=256
166,Jobotics,1,94,1,FiDi (1),AI (1); B2B (1); SaaS (1),host_mismatch_candidate,Skye,icons/processed/skye--GwilUNBDT6drpmMm.png,https://partiful.imgix.net/profileImages/99bdd821-cecb-459f-ba?auto=format,Jobotics logo official,low,true,Selected Partiful host `Skye` does not clearly match calendar host `Jobotics`.,unmatched,,,
167,Niibu,1,94,1,Design District (1),B2C / Consumer (1); Creators (1); Healthcare / Healthtech (1),tech_week_default,Tech Week,icons/processed/tech-week--7DFu4rITofNzKIjA.png,https://partiful.imgix.net/profileImages/1ea73bd8-75a1-4614-93?auto=format,Niibu logo official,low,true,"Selected icon is Tech Week default/profile, not the host logo.",unmatched,,,
168,Writingmate.ai,1,93,1,SOMA (1),Fundraising / Investing (1); HR / Hiring (1); International / Expansion (1),person_avatar_candidate,Alesia Siarzhynskaya,icons/processed/alesia-siarzhynskaya--VZNa6GQ2dGTq7bCq.png,https://partiful.imgix.net/profileImages/rZw4gbaARjJhlkz-s2gAY?auto=format,Writingmate.ai logo official,low,true,Selected Partiful host `Alesia Siarzhynskaya` looks like a person/profile rather than the organization `Writingmate.ai`.,not_in_cache,,,
169,Oracle,1,92,1,Downtown (1),AI (1); Engineering (1); Infrastructure (1),tech_week_default,Tech Week,icons/processed/tech-week--7DFu4rITofNzKIjA.png,https://partiful.imgix.net/profileImages/1ea73bd8-75a1-4614-93?auto=format,Oracle logo official,low,true,"Selected icon is Tech Week default/profile, not the host logo.",matched,oracle.com,Oracle,https://www.google.com/s2/favicons?domain=oracle.com&sz=256
170,PitchWell,1,92,1,Palo Alto (1),B2C / Consumer (1); GTM (1),tech_week_default,Tech Week,icons/processed/tech-week--7DFu4rITofNzKIjA.png,https://partiful.imgix.net/profileImages/1ea73bd8-75a1-4614-93?auto=format,PitchWell logo official,low,true,"Selected icon is Tech Week default/profile, not the host logo.",matched,pitchwell.co,Pitchwell,https://www.google.com/s2/favicons?domain=pitchwell.co&sz=256
171,Mission Bit,1,91,1,Dogpatch (1),AI (1); AR / VR (1); Fundraising / Investing (1),host_mismatch_candidate,Cora,icons/processed/cora--CSt4bJbdo2OR0Wyo.png,https://partiful.imgix.net/profileImages/1puWeVfQ-sXvfShi2z1ap?auto=format,Mission Bit logo official,low,true,Selected Partiful host `Cora` does not clearly match calendar host `Mission Bit`.,matched,missionbit.org,Mission Bit,https://www.google.com/s2/favicons?domain=missionbit.org&sz=256
172,Tacos & Trends,1,91,1,Civic Center (1),AI (1); Creators (1),missing_icon,Tacos & Trends,,,Tacos & Trends logo official,low,true,No current icon file.,not_in_cache,,,
173,Acorn Design Studio,1,90,1,Civic Center (1),AI (1); B2C / Consumer (1); Creators (1),host_mismatch_candidate,Vizcom,icons/processed/vizcom--fxGI8q9cfmCfOkC8.png,https://partiful.imgix.net/profileImages/s2kRVW34ssISxLBf9eGlv?auto=format,Acorn Design Studio logo official,low,true,Selected Partiful host `Vizcom` does not clearly match calendar host `Acorn Design Studio`.,unmatched,,,
174,IRL Fandoms,1,90,1,Mission Bay (1),AI (1); GTM (1); Healthcare / Healthtech (1),tech_week_default,Tech Week,icons/processed/tech-week--7DFu4rITofNzKIjA.png,https://partiful.imgix.net/profileImages/1ea73bd8-75a1-4614-93?auto=format,IRL Fandoms logo official,low,true,"Selected icon is Tech Week default/profile, not the host logo.",unmatched,,,
175,Sway,1,90,1,Jackson Square (1),AI (1); B2C / Consumer (1),host_mismatch_candidate,kayla,icons/processed/kayla--9Ozi0E2LR8RGN2F9.png,https://partiful.imgix.net/profileImages/mIUu9IzUAF1dCvgWD2eW5?auto=format,Sway logo official,low,true,Selected Partiful host `kayla` does not clearly match calendar host `Sway`.,matched,swaythefuture.com,Sway,https://www.google.com/s2/favicons?domain=swaythefuture.com&sz=256
176,Apollo.io,2,89,2,Embarcadero (1); FiDi (1),AI (2); GTM (2); SaaS (1),host_mismatch_candidate,Apollo,icons/processed/apollo--gYMSxtx0QKnKGOrI.png,https://partiful.imgix.net/profileImages/XVSQ7yJpSXTpcbuTg1919?auto=format,Apollo.io logo official,low,true,Selected Partiful host `Apollo` does not clearly match calendar host `Apollo.io`.,not_in_cache,,,
177,Vester,2,89,2,Mission (2),Fintech (1); AI (1),host_mismatch_candidate,Darius,icons/processed/darius--X4RP6ezb4IPMwQBw.png,https://partiful.imgix.net/profileImages/5470f52f-c69a-463c-92?auto=format,Vester logo official,low,true,Selected Partiful host `Darius` does not clearly match calendar host `Vester`.,unmatched,,,
178,Bright Data,1,89,1,SOMA (1),AI (1); Engineering (1); Infrastructure (1),host_mismatch_candidate,AJ,icons/processed/aj--0qUXHRrIORSQPLVs.png,https://partiful.imgix.net/profileImages/Z83u4KOhXwE8rUenJLTeb?auto=format,Bright Data logo official,low,true,Selected Partiful host `AJ` does not clearly match calendar host `Bright Data`.,matched,brightdata.com,Bright Data,https://www.google.com/s2/favicons?domain=brightdata.com&sz=256
179,Pickaxe,1,89,1,Mission (1),AI (1); B2B (1); SaaS (1),tech_week_default,Tech Week,icons/processed/tech-week--7DFu4rITofNzKIjA.png,https://partiful.imgix.net/profileImages/1ea73bd8-75a1-4614-93?auto=format,Pickaxe logo official,low,true,"Selected icon is Tech Week default/profile, not the host logo.",matched,getpickaxe.com,Pickaxe,https://www.google.com/s2/favicons?domain=getpickaxe.com&sz=256
180,VERICASA,1,89,1,Mission (1),AI (1); B2B (1); SaaS (1),tech_week_default,Tech Week,icons/processed/tech-week--7DFu4rITofNzKIjA.png,https://partiful.imgix.net/profileImages/1ea73bd8-75a1-4614-93?auto=format,VERICASA logo official,low,true,"Selected icon is Tech Week default/profile, not the host logo.",unmatched,,,
181,WorkOS,2,88,2,Downtown (1); Embarcadero (1),AI (2); Engineering (2),host_mismatch_candidate,WorkOS Events,icons/processed/workos-events--YHyNQzNRSmrUSRoN.png,https://partiful.imgix.net/profileImages/C8CQvFNbS7lx9jTQf5R4k?auto=format,WorkOS logo official,low,true,Selected Partiful host `WorkOS Events` does not clearly match calendar host `WorkOS`.,matched,workos.com,WorkOS,https://www.google.com/s2/favicons?domain=workos.com&sz=256
182,BullAI,1,88,1,SOMA (1),AI (1); B2C / Consumer (1); Engineering (1),host_mismatch_candidate,Sai,icons/processed/sai--4ME6JNfOrgVBJINr.png,https://partiful.imgix.net/profileImages/be983e78-e9ad-4b62-8c?auto=format,BullAI logo official,low,true,Selected Partiful host `Sai` does not clearly match calendar host `BullAI`.,matched,bullai.net,BullAI,https://www.google.com/s2/favicons?domain=bullai.net&sz=256
183,Indyx,1,88,1,Union Square (1),B2C / Consumer (1),tech_week_default,Tech Week,icons/processed/tech-week--7DFu4rITofNzKIjA.png,https://partiful.imgix.net/profileImages/1ea73bd8-75a1-4614-93?auto=format,Indyx logo official,low,true,"Selected icon is Tech Week default/profile, not the host logo.",matched,myindyx.com,Indyx,https://www.google.com/s2/favicons?domain=myindyx.com&sz=256
184,Ellis Porter,4,87,4,SOMA (4),GTM (4); International / Expansion (4); Fundraising / Investing (2),tech_week_default,Tech Week,icons/processed/tech-week--7DFu4rITofNzKIjA.png,https://partiful.imgix.net/profileImages/1ea73bd8-75a1-4614-93?auto=format,Ellis Porter logo official,low,true,"Selected icon is Tech Week default/profile, not the host logo.",unmatched,,,
185,Archetype Work,1,86,1,SOMA (1),Deep Tech (1); Hardware (1); Healthcare / Healthtech (1),tech_week_default,Tech Week,icons/processed/tech-week--7DFu4rITofNzKIjA.png,https://partiful.imgix.net/profileImages/1ea73bd8-75a1-4614-93?auto=format,Archetype Work logo official,low,true,"Selected icon is Tech Week default/profile, not the host logo.",unmatched,,,
186,Zennopay,2,85,2,Downtown (1); SOMA (1),Crypto / Web3 (2); Fintech (2); International / Expansion (1),tech_week_default,Tech Week,icons/processed/tech-week--7DFu4rITofNzKIjA.png,https://partiful.imgix.net/profileImages/1ea73bd8-75a1-4614-93?auto=format,Zennopay logo official,low,true,"Selected icon is Tech Week default/profile, not the host logo.",unmatched,,,
187,Omnibay,1,85,1,Mountain View (1),Fundraising / Investing (1),person_avatar_candidate,Helen Li,icons/processed/helen-li--6uchlxYm8uO1it52.png,https://partiful.imgix.net/profileImages/iIRYeyBCWkJwwr2N-WSzz?auto=format,Omnibay logo official,low,true,Selected Partiful host `Helen Li` looks like a person/profile rather than the organization `Omnibay`.,unmatched,,,
188,Stanford University,1,85,1,Palo Alto (1),AI (1); Engineering (1); HR / Hiring (1),person_avatar_candidate,Bekhruz Malikov,icons/processed/bekhruz-malikov--2F9ElYEw2ET3UxvI.png,https://partiful.imgix.net/profileImages/SFbGfo8aQH3D8gvyp9YEJ?auto=format,Stanford University logo official,low,true,Selected Partiful host `Bekhruz Malikov` looks like a person/profile rather than the organization `Stanford University`.,matched,stanford.edu,Stanford University,https://www.google.com/s2/favicons?domain=stanford.edu&sz=256
189,QCAC,1,84,1,Downtown (1),AI (1); B2C / Consumer (1); Fintech (1),tech_week_default,Tech Week,icons/processed/tech-week--7DFu4rITofNzKIjA.png,https://partiful.imgix.net/profileImages/1ea73bd8-75a1-4614-93?auto=format,QCAC logo official,low,true,"Selected icon is Tech Week default/profile, not the host logo.",matched,qcac.org,QCAC,https://www.google.com/s2/favicons?domain=qcac.org&sz=256
190,"Sprava/Strata (we are pivoting, the website will be updated)",1,84,1,Salesforce Park (1),Fintech (1),host_mismatch_candidate,Vadim,icons/processed/vadim--oSoU3b4TtRSm8O0L.png,https://partiful.imgix.net/profileImages/CzLIrzgatWzn3RpYhlV2l?auto=format,"Sprava/Strata (we are pivoting, the website will be updated) logo official",low,true,"Selected Partiful host `Vadim` does not clearly match calendar host `Sprava/Strata (we are pivoting, the website will be updated)`.",not_in_cache,,,
191,Founder Running Club,1,83,1,Panhandle (1),Creators (1); Engineering (1); Fundraising / Investing (1),tech_week_default,Tech Week,icons/processed/tech-week--7DFu4rITofNzKIjA.png,https://partiful.imgix.net/profileImages/1ea73bd8-75a1-4614-93?auto=format,Founder Running Club logo official,low,true,"Selected icon is Tech Week default/profile, not the host logo.",unmatched,,,
192,Rockefeller Global Family Office,1,83,1,Virtual (1),Fundraising / Investing (1),tech_week_default,Tech Week,icons/processed/tech-week--7DFu4rITofNzKIjA.png,https://partiful.imgix.net/profileImages/1ea73bd8-75a1-4614-93?auto=format,Rockefeller Global Family Office logo official,low,true,"Selected icon is Tech Week default/profile, not the host logo.",unmatched,,,
193,Ejad Labs,1,82,1,Civic Center (1),Deep Tech (1); GTM (1); International / Expansion (1),host_mismatch_candidate,Mehroz,icons/processed/mehroz--1LfxUgR5f4Td0CEG.png,https://partiful.imgix.net/profileImages/4c658979-5406-4fe2-87?auto=format,Ejad Labs logo official,low,true,Selected Partiful host `Mehroz` does not clearly match calendar host `Ejad Labs`.,matched,ejadlabs.com,Ejad Labs,https://www.google.com/s2/favicons?domain=ejadlabs.com&sz=256
194,Rayda,1,82,1,Other (1),B2B (1); Hardware (1); Infrastructure (1),missing_icon,Rayda,,,Rayda logo official,low,true,No current icon file.,unmatched,,,
195,Readdy,1,82,1,Palo Alto (1),AI (1); GTM (1); Media / Entertainment (1),host_mismatch_candidate,Articuler.ai,icons/processed/articuler-ai--WdZGYT7imDU9L1BR.png,https://partiful.imgix.net/profileImages/Id7KtyRh7_K4rcMSx9D6-?auto=format,Readdy logo official,low,true,Selected Partiful host `Articuler.ai` does not clearly match calendar host `Readdy`.,matched,readdy.io,READDY,https://www.google.com/s2/favicons?domain=readdy.io&sz=256
196,GRAIL,1,81,1,Mission (1),AI (1); Engineering (1); Infrastructure (1),tech_week_default,Tech Week,icons/processed/tech-week--7DFu4rITofNzKIjA.png,https://partiful.imgix.net/profileImages/1ea73bd8-75a1-4614-93?auto=format,GRAIL logo official,low,true,"Selected icon is Tech Week default/profile, not the host logo.",matched,grail.com,GRAIL,https://www.google.com/s2/favicons?domain=grail.com&sz=256
197,Pitch Slap Comedy,1,81,1,Mission (1),AI (1); Creators (1); Media / Entertainment (1),tech_week_default,Tech Week,icons/processed/tech-week--7DFu4rITofNzKIjA.png,https://partiful.imgix.net/profileImages/1ea73bd8-75a1-4614-93?auto=format,Pitch Slap Comedy logo official,low,true,"Selected icon is Tech Week default/profile, not the host logo.",unmatched,,,
198,TechSurprises LLC,1,81,1,SOMA (1),GTM (1); International / Expansion (1); Women-focused (1),tech_week_default,Tech Week,icons/processed/tech-week--7DFu4rITofNzKIjA.png,https://partiful.imgix.net/profileImages/1ea73bd8-75a1-4614-93?auto=format,TechSurprises LLC logo official,low,true,"Selected icon is Tech Week default/profile, not the host logo.",unmatched,,,
199,A26 Ventures,1,80,1,Hayes Valley (1),Fundraising / Investing (1); GTM (1),tech_week_default,Tech Week,icons/processed/tech-week--7DFu4rITofNzKIjA.png,https://partiful.imgix.net/profileImages/1ea73bd8-75a1-4614-93?auto=format,A26 Ventures logo official,low,true,"Selected icon is Tech Week default/profile, not the host logo.",unmatched,,,
200,FounderCoHo Community,1,80,1,Palo Alto (1),AI (1); B2B (1); GTM (1),host_mismatch_candidate,FounderCoHo,icons/processed/foundercoho--RSDGyj1quodBV1Lo.png,https://partiful.imgix.net/profileImages/rNqs2_UViaNMYSP0sMl2g?auto=format,FounderCoHo Community logo official,low,true,Selected Partiful host `FounderCoHo` does not clearly match calendar host `FounderCoHo Community`.,unmatched,,,
