priority_rank,host_name,matched_domain,candidate_source,candidate_url,raw_file,processed_file,download_status,image_size,review_status,notes
4,Startup Grind,startupgrind.com,google_s2_favicon_from_domain_cache,https://www.google.com/s2/favicons?domain=startupgrind.com&sz=256,analysis/host-analysis/logo-replacements/raw/startup-grind--d0e4c118.png,analysis/host-analysis/logo-replacements/processed/startup-grind--d0e4c118.png,downloaded,"(192, 192)",candidate_needs_review,Favicon candidate from cached company domain; verify visually before approving as official logo.
14,Virtus Lab,virtuslab.com,google_s2_favicon_from_domain_cache,https://www.google.com/s2/favicons?domain=virtuslab.com&sz=256,analysis/host-analysis/logo-replacements/raw/virtus-lab--23ac48b6.png,analysis/host-analysis/logo-replacements/processed/virtus-lab--23ac48b6.png,downloaded,"(64, 64)",candidate_needs_review,Favicon candidate from cached company domain; verify visually before approving as official logo.
15,Travelbay,travelbayhq.com,google_s2_favicon_from_domain_cache,https://www.google.com/s2/favicons?domain=travelbayhq.com&sz=256,,,failed,,candidate_needs_review,HTTP Error 404: Not Found
21,Third Sphere,thirdsphere.com,google_s2_favicon_from_domain_cache,https://www.google.com/s2/favicons?domain=thirdsphere.com&sz=256,analysis/host-analysis/logo-replacements/raw/third-sphere--a945346d.png,analysis/host-analysis/logo-replacements/processed/third-sphere--a945346d.png,downloaded,"(192, 192)",candidate_needs_review,Favicon candidate from cached company domain; verify visually before approving as official logo.
25,Mucker Capital,mucker.com,google_s2_favicon_from_domain_cache,https://www.google.com/s2/favicons?domain=mucker.com&sz=256,,,failed,,candidate_needs_review,HTTP Error 404: Not Found
28,Savas Labs,savaslabs.com,google_s2_favicon_from_domain_cache,https://www.google.com/s2/favicons?domain=savaslabs.com&sz=256,analysis/host-analysis/logo-replacements/raw/savas-labs--8482a638.png,analysis/host-analysis/logo-replacements/processed/savas-labs--8482a638.png,downloaded,"(224, 224)",candidate_needs_review,Favicon candidate from cached company domain; verify visually before approving as official logo.
29,Mercury,mercury.com,google_s2_favicon_from_domain_cache,https://www.google.com/s2/favicons?domain=mercury.com&sz=256,analysis/host-analysis/logo-replacements/raw/mercury--7c161036.png,analysis/host-analysis/logo-replacements/processed/mercury--7c161036.png,downloaded,"(224, 224)",candidate_needs_review,Favicon candidate from cached company domain; verify visually before approving as official logo.
32,NDVC,ndvc.com.br,google_s2_favicon_from_domain_cache,https://www.google.com/s2/favicons?domain=ndvc.com.br&sz=256,analysis/host-analysis/logo-replacements/raw/ndvc--1dd1458f.png,analysis/host-analysis/logo-replacements/processed/ndvc--1dd1458f.png,downloaded,"(192, 192)",candidate_needs_review,Favicon candidate from cached company domain; verify visually before approving as official logo.
34,Press Club,pressclubsf.com,google_s2_favicon_from_domain_cache,https://www.google.com/s2/favicons?domain=pressclubsf.com&sz=256,analysis/host-analysis/logo-replacements/raw/press-club--3893d601.png,analysis/host-analysis/logo-replacements/processed/press-club--3893d601.png,downloaded,"(100, 100)",candidate_needs_review,Favicon candidate from cached company domain; verify visually before approving as official logo.
36,Pygma,pygma.co,google_s2_favicon_from_domain_cache,https://www.google.com/s2/favicons?domain=pygma.co&sz=256,analysis/host-analysis/logo-replacements/raw/pygma--cba7438a.png,analysis/host-analysis/logo-replacements/processed/pygma--cba7438a.png,downloaded,"(48, 48)",candidate_needs_review,Favicon candidate from cached company domain; verify visually before approving as official logo.
40,Eatopia,eatopia.com.br,google_s2_favicon_from_domain_cache,https://www.google.com/s2/favicons?domain=eatopia.com.br&sz=256,,,failed,,candidate_needs_review,HTTP Error 404: Not Found
41,Ramp,ramp.com,google_s2_favicon_from_domain_cache,https://www.google.com/s2/favicons?domain=ramp.com&sz=256,analysis/host-analysis/logo-replacements/raw/ramp--306cd0a5.png,analysis/host-analysis/logo-replacements/processed/ramp--306cd0a5.png,downloaded,"(180, 180)",candidate_needs_review,Favicon candidate from cached company domain; verify visually before approving as official logo.
44,Underdog Labs,underdoglabs.io,google_s2_favicon_from_domain_cache,https://www.google.com/s2/favicons?domain=underdoglabs.io&sz=256,analysis/host-analysis/logo-replacements/raw/underdog-labs--6df661d6.png,analysis/host-analysis/logo-replacements/processed/underdog-labs--6df661d6.png,downloaded,"(224, 224)",candidate_needs_review,Favicon candidate from cached company domain; verify visually before approving as official logo.
45,GoElite,goelite.tech,google_s2_favicon_from_domain_cache,https://www.google.com/s2/favicons?domain=goelite.tech&sz=256,analysis/host-analysis/logo-replacements/raw/goelite--12c2c4f9.png,analysis/host-analysis/logo-replacements/processed/goelite--12c2c4f9.png,downloaded,"(59, 69)",candidate_needs_review,Favicon candidate from cached company domain; verify visually before approving as official logo.
46,Deel,deel.com,google_s2_favicon_from_domain_cache,https://www.google.com/s2/favicons?domain=deel.com&sz=256,analysis/host-analysis/logo-replacements/raw/deel--00c6ea7c.png,analysis/host-analysis/logo-replacements/processed/deel--00c6ea7c.png,downloaded,"(180, 180)",candidate_needs_review,Favicon candidate from cached company domain; verify visually before approving as official logo.
49,HackerSquad,hackersquad.net,google_s2_favicon_from_domain_cache,https://www.google.com/s2/favicons?domain=hackersquad.net&sz=256,analysis/host-analysis/logo-replacements/raw/hackersquad--7509346f.png,analysis/host-analysis/logo-replacements/processed/hackersquad--7509346f.png,downloaded,"(192, 192)",candidate_needs_review,Favicon candidate from cached company domain; verify visually before approving as official logo.
54,Build Momentum,buildmomentum.com,google_s2_favicon_from_domain_cache,https://www.google.com/s2/favicons?domain=buildmomentum.com&sz=256,,,failed,,candidate_needs_review,HTTP Error 404: Not Found
55,Lorimer Ventures,lorimerventures.com,google_s2_favicon_from_domain_cache,https://www.google.com/s2/favicons?domain=lorimerventures.com&sz=256,analysis/host-analysis/logo-replacements/raw/lorimer-ventures--671230eb.png,analysis/host-analysis/logo-replacements/processed/lorimer-ventures--671230eb.png,downloaded,"(224, 224)",candidate_needs_review,Favicon candidate from cached company domain; verify visually before approving as official logo.
57,Financial Women of San Francisco,financialwomensf.org,google_s2_favicon_from_domain_cache,https://www.google.com/s2/favicons?domain=financialwomensf.org&sz=256,analysis/host-analysis/logo-replacements/raw/financial-women-of-san-francisco--85917768.png,analysis/host-analysis/logo-replacements/processed/financial-women-of-san-francisco--85917768.png,downloaded,"(180, 180)",candidate_needs_review,Favicon candidate from cached company domain; verify visually before approving as official logo.
58,Reddit,reddit.com,google_s2_favicon_from_domain_cache,https://www.google.com/s2/favicons?domain=reddit.com&sz=256,analysis/host-analysis/logo-replacements/raw/reddit--c7cd9159.png,analysis/host-analysis/logo-replacements/processed/reddit--c7cd9159.png,downloaded,"(180, 180)",candidate_needs_review,Favicon candidate from cached company domain; verify visually before approving as official logo.
59,Hype Network,hype-network.de,google_s2_favicon_from_domain_cache,https://www.google.com/s2/favicons?domain=hype-network.de&sz=256,analysis/host-analysis/logo-replacements/raw/hype-network--9b9f232d.png,analysis/host-analysis/logo-replacements/processed/hype-network--9b9f232d.png,downloaded,"(32, 32)",candidate_needs_review,Favicon candidate from cached company domain; verify visually before approving as official logo.
60,Galileo Ventures,galileo.ventures,google_s2_favicon_from_domain_cache,https://www.google.com/s2/favicons?domain=galileo.ventures&sz=256,analysis/host-analysis/logo-replacements/raw/galileo-ventures--413945fd.png,analysis/host-analysis/logo-replacements/processed/galileo-ventures--413945fd.png,downloaded,"(164, 224)",candidate_needs_review,Favicon candidate from cached company domain; verify visually before approving as official logo.
65,AKG Media,akgmedia.co.uk,google_s2_favicon_from_domain_cache,https://www.google.com/s2/favicons?domain=akgmedia.co.uk&sz=256,analysis/host-analysis/logo-replacements/raw/akg-media--8f015d3a.png,analysis/host-analysis/logo-replacements/processed/akg-media--8f015d3a.png,downloaded,"(180, 180)",candidate_needs_review,Favicon candidate from cached company domain; verify visually before approving as official logo.
66,Vectors Capital,vectors.earth,google_s2_favicon_from_domain_cache,https://www.google.com/s2/favicons?domain=vectors.earth&sz=256,analysis/host-analysis/logo-replacements/raw/vectors-capital--18068cad.png,analysis/host-analysis/logo-replacements/processed/vectors-capital--18068cad.png,downloaded,"(224, 224)",candidate_needs_review,Favicon candidate from cached company domain; verify visually before approving as official logo.
67,Cartesia,cartesia.com,google_s2_favicon_from_domain_cache,https://www.google.com/s2/favicons?domain=cartesia.com&sz=256,analysis/host-analysis/logo-replacements/raw/cartesia--b6721112.png,analysis/host-analysis/logo-replacements/processed/cartesia--b6721112.png,downloaded,"(64, 64)",candidate_needs_review,Favicon candidate from cached company domain; verify visually before approving as official logo.
68,AWS,aws.training,google_s2_favicon_from_domain_cache,https://www.google.com/s2/favicons?domain=aws.training&sz=256,analysis/host-analysis/logo-replacements/raw/aws--5689cdff.png,analysis/host-analysis/logo-replacements/processed/aws--5689cdff.png,downloaded,"(112, 112)",candidate_needs_review,Favicon candidate from cached company domain; verify visually before approving as official logo.
69,Asian Mental Health Project,asianmentalhealthproject.com,google_s2_favicon_from_domain_cache,https://www.google.com/s2/favicons?domain=asianmentalhealthproject.com&sz=256,analysis/host-analysis/logo-replacements/raw/asian-mental-health-project--ff2bd54f.png,analysis/host-analysis/logo-replacements/processed/asian-mental-health-project--ff2bd54f.png,downloaded,"(100, 100)",candidate_needs_review,Favicon candidate from cached company domain; verify visually before approving as official logo.
70,Founders Network,foundersnetwork.com,google_s2_favicon_from_domain_cache,https://www.google.com/s2/favicons?domain=foundersnetwork.com&sz=256,analysis/host-analysis/logo-replacements/raw/founders-network--38d80648.png,analysis/host-analysis/logo-replacements/processed/founders-network--38d80648.png,downloaded,"(16, 16)",candidate_needs_review,Favicon candidate from cached company domain; verify visually before approving as official logo.
73,Snyk,snyk.io,google_s2_favicon_from_domain_cache,https://www.google.com/s2/favicons?domain=snyk.io&sz=256,analysis/host-analysis/logo-replacements/raw/snyk--20de4f5c.png,analysis/host-analysis/logo-replacements/processed/snyk--20de4f5c.png,downloaded,"(32, 32)",candidate_needs_review,Favicon candidate from cached company domain; verify visually before approving as official logo.
75,DLA Piper,dlapiper.com,google_s2_favicon_from_domain_cache,https://www.google.com/s2/favicons?domain=dlapiper.com&sz=256,analysis/host-analysis/logo-replacements/raw/dla-piper--16fd62ed.png,analysis/host-analysis/logo-replacements/processed/dla-piper--16fd62ed.png,downloaded,"(48, 48)",candidate_needs_review,Favicon candidate from cached company domain; verify visually before approving as official logo.
76,Rest of World,restofworld.org,google_s2_favicon_from_domain_cache,https://www.google.com/s2/favicons?domain=restofworld.org&sz=256,analysis/host-analysis/logo-replacements/raw/rest-of-world--ae2a23a1.png,analysis/host-analysis/logo-replacements/processed/rest-of-world--ae2a23a1.png,downloaded,"(196, 196)",candidate_needs_review,Favicon candidate from cached company domain; verify visually before approving as official logo.
77,SubWire,subwire.io,google_s2_favicon_from_domain_cache,https://www.google.com/s2/favicons?domain=subwire.io&sz=256,analysis/host-analysis/logo-replacements/raw/subwire--66b7e658.png,analysis/host-analysis/logo-replacements/processed/subwire--66b7e658.png,downloaded,"(16, 16)",candidate_needs_review,Favicon candidate from cached company domain; verify visually before approving as official logo.
79,Velle,vellefit.com,google_s2_favicon_from_domain_cache,https://www.google.com/s2/favicons?domain=vellefit.com&sz=256,,,failed,,candidate_needs_review,HTTP Error 404: Not Found
81,MirWork,mirwork.com,google_s2_favicon_from_domain_cache,https://www.google.com/s2/favicons?domain=mirwork.com&sz=256,analysis/host-analysis/logo-replacements/raw/mirwork--1f36cba4.png,analysis/host-analysis/logo-replacements/processed/mirwork--1f36cba4.png,downloaded,"(48, 48)",candidate_needs_review,Favicon candidate from cached company domain; verify visually before approving as official logo.
82,Legendary Ventures,legendven.com,google_s2_favicon_from_domain_cache,https://www.google.com/s2/favicons?domain=legendven.com&sz=256,analysis/host-analysis/logo-replacements/raw/legendary-ventures--5e6cca84.png,analysis/host-analysis/logo-replacements/processed/legendary-ventures--5e6cca84.png,downloaded,"(192, 192)",candidate_needs_review,Favicon candidate from cached company domain; verify visually before approving as official logo.
85,OPEN AUSTRIA,open-austria.com,google_s2_favicon_from_domain_cache,https://www.google.com/s2/favicons?domain=open-austria.com&sz=256,,,failed,,candidate_needs_review,HTTP Error 404: Not Found
92,Phase Capital,phasecapitalgroup.com,google_s2_favicon_from_domain_cache,https://www.google.com/s2/favicons?domain=phasecapitalgroup.com&sz=256,,,failed,,candidate_needs_review,HTTP Error 404: Not Found
93,Rippling,rippling.com,google_s2_favicon_from_domain_cache,https://www.google.com/s2/favicons?domain=rippling.com&sz=256,analysis/host-analysis/logo-replacements/raw/rippling--e96991a8.png,analysis/host-analysis/logo-replacements/processed/rippling--e96991a8.png,downloaded,"(180, 180)",candidate_needs_review,Favicon candidate from cached company domain; verify visually before approving as official logo.
95,BAKANA EVENTS,bakana-events.com,google_s2_favicon_from_domain_cache,https://www.google.com/s2/favicons?domain=bakana-events.com&sz=256,analysis/host-analysis/logo-replacements/raw/bakana-events--b134684c.png,analysis/host-analysis/logo-replacements/processed/bakana-events--b134684c.png,downloaded,"(16, 16)",candidate_needs_review,Favicon candidate from cached company domain; verify visually before approving as official logo.
97,Antler,antler.co,google_s2_favicon_from_domain_cache,https://www.google.com/s2/favicons?domain=antler.co&sz=256,analysis/host-analysis/logo-replacements/raw/antler--127b783e.png,analysis/host-analysis/logo-replacements/processed/antler--127b783e.png,downloaded,"(224, 224)",candidate_needs_review,Favicon candidate from cached company domain; verify visually before approving as official logo.
98,Baker Tilly,tzcpa.com,google_s2_favicon_from_domain_cache,https://www.google.com/s2/favicons?domain=tzcpa.com&sz=256,,,failed,,candidate_needs_review,HTTP Error 404: Not Found
99,CircleCI,circleci.com,google_s2_favicon_from_domain_cache,https://www.google.com/s2/favicons?domain=circleci.com&sz=256,analysis/host-analysis/logo-replacements/raw/circleci--d2072e7d.png,analysis/host-analysis/logo-replacements/processed/circleci--d2072e7d.png,downloaded,"(224, 224)",candidate_needs_review,Favicon candidate from cached company domain; verify visually before approving as official logo.
100,CoreWeave,coreweave.com,google_s2_favicon_from_domain_cache,https://www.google.com/s2/favicons?domain=coreweave.com&sz=256,analysis/host-analysis/logo-replacements/raw/coreweave--7eb3edc5.png,analysis/host-analysis/logo-replacements/processed/coreweave--7eb3edc5.png,downloaded,"(224, 224)",candidate_needs_review,Favicon candidate from cached company domain; verify visually before approving as official logo.
103,Rubicon Point Partners,rubiconpoint.com,google_s2_favicon_from_domain_cache,https://www.google.com/s2/favicons?domain=rubiconpoint.com&sz=256,analysis/host-analysis/logo-replacements/raw/rubicon-point-partners--c9622191.png,analysis/host-analysis/logo-replacements/processed/rubicon-point-partners--c9622191.png,downloaded,"(224, 224)",candidate_needs_review,Favicon candidate from cached company domain; verify visually before approving as official logo.
106,NachoNacho,nachonacho.com,google_s2_favicon_from_domain_cache,https://www.google.com/s2/favicons?domain=nachonacho.com&sz=256,analysis/host-analysis/logo-replacements/raw/nachonacho--2d7946de.png,analysis/host-analysis/logo-replacements/processed/nachonacho--2d7946de.png,downloaded,"(84, 81)",candidate_needs_review,Favicon candidate from cached company domain; verify visually before approving as official logo.
108,Synlico,synlico.com,google_s2_favicon_from_domain_cache,https://www.google.com/s2/favicons?domain=synlico.com&sz=256,,,failed,,candidate_needs_review,HTTP Error 404: Not Found
110,Subconscious,subconscious.co,google_s2_favicon_from_domain_cache,https://www.google.com/s2/favicons?domain=subconscious.co&sz=256,,,failed,,candidate_needs_review,HTTP Error 404: Not Found
111,Provoke Solutions,provokesolutions.com,google_s2_favicon_from_domain_cache,https://www.google.com/s2/favicons?domain=provokesolutions.com&sz=256,analysis/host-analysis/logo-replacements/raw/provoke-solutions--6821de67.png,analysis/host-analysis/logo-replacements/processed/provoke-solutions--6821de67.png,downloaded,"(224, 224)",candidate_needs_review,Favicon candidate from cached company domain; verify visually before approving as official logo.
113,SparkLabs Group,sparklabsgroup.com,google_s2_favicon_from_domain_cache,https://www.google.com/s2/favicons?domain=sparklabsgroup.com&sz=256,,,failed,,candidate_needs_review,HTTP Error 404: Not Found
115,AISquared,squared.ai,google_s2_favicon_from_domain_cache,https://www.google.com/s2/favicons?domain=squared.ai&sz=256,analysis/host-analysis/logo-replacements/raw/aisquared--07673b88.png,analysis/host-analysis/logo-replacements/processed/aisquared--07673b88.png,downloaded,"(192, 192)",candidate_needs_review,Favicon candidate from cached company domain; verify visually before approving as official logo.
117,Forum Ventures,forumvc.com,google_s2_favicon_from_domain_cache,https://www.google.com/s2/favicons?domain=forumvc.com&sz=256,analysis/host-analysis/logo-replacements/raw/forum-ventures--bb5bf38e.png,analysis/host-analysis/logo-replacements/processed/forum-ventures--bb5bf38e.png,downloaded,"(224, 224)",candidate_needs_review,Favicon candidate from cached company domain; verify visually before approving as official logo.
119,Visa,visa.com,google_s2_favicon_from_domain_cache,https://www.google.com/s2/favicons?domain=visa.com&sz=256,analysis/host-analysis/logo-replacements/raw/visa--28fb138d.png,analysis/host-analysis/logo-replacements/processed/visa--28fb138d.png,downloaded,"(48, 48)",candidate_needs_review,Favicon candidate from cached company domain; verify visually before approving as official logo.
120,OpenTable,opentable.com,google_s2_favicon_from_domain_cache,https://www.google.com/s2/favicons?domain=opentable.com&sz=256,analysis/host-analysis/logo-replacements/raw/opentable--9fdbf45a.png,analysis/host-analysis/logo-replacements/processed/opentable--9fdbf45a.png,downloaded,"(128, 128)",candidate_needs_review,Favicon candidate from cached company domain; verify visually before approving as official logo.
122,Fund Bridge,fundbridge.de,google_s2_favicon_from_domain_cache,https://www.google.com/s2/favicons?domain=fundbridge.de&sz=256,analysis/host-analysis/logo-replacements/raw/fund-bridge--19bdfe77.png,analysis/host-analysis/logo-replacements/processed/fund-bridge--19bdfe77.png,downloaded,"(192, 192)",candidate_needs_review,Favicon candidate from cached company domain; verify visually before approving as official logo.
125,Eleks,eleks.com,google_s2_favicon_from_domain_cache,https://www.google.com/s2/favicons?domain=eleks.com&sz=256,analysis/host-analysis/logo-replacements/raw/eleks--81d7d143.png,analysis/host-analysis/logo-replacements/processed/eleks--81d7d143.png,downloaded,"(192, 192)",candidate_needs_review,Favicon candidate from cached company domain; verify visually before approving as official logo.
126,Airwallex,airwallex.com,google_s2_favicon_from_domain_cache,https://www.google.com/s2/favicons?domain=airwallex.com&sz=256,analysis/host-analysis/logo-replacements/raw/airwallex--8cb9deea.png,analysis/host-analysis/logo-replacements/processed/airwallex--8cb9deea.png,downloaded,"(48, 48)",candidate_needs_review,Favicon candidate from cached company domain; verify visually before approving as official logo.
127,Expensify,expensify.com,google_s2_favicon_from_domain_cache,https://www.google.com/s2/favicons?domain=expensify.com&sz=256,analysis/host-analysis/logo-replacements/raw/expensify--a22bbe77.png,analysis/host-analysis/logo-replacements/processed/expensify--a22bbe77.png,downloaded,"(224, 224)",candidate_needs_review,Favicon candidate from cached company domain; verify visually before approving as official logo.
139,Streamlogic,streamlogic.com,google_s2_favicon_from_domain_cache,https://www.google.com/s2/favicons?domain=streamlogic.com&sz=256,analysis/host-analysis/logo-replacements/raw/streamlogic--615e0e3c.png,analysis/host-analysis/logo-replacements/processed/streamlogic--615e0e3c.png,downloaded,"(192, 192)",candidate_needs_review,Favicon candidate from cached company domain; verify visually before approving as official logo.
141,Cipher,carrycipher.com,google_s2_favicon_from_domain_cache,https://www.google.com/s2/favicons?domain=carrycipher.com&sz=256,analysis/host-analysis/logo-replacements/raw/cipher--6d2f91a1.png,analysis/host-analysis/logo-replacements/processed/cipher--6d2f91a1.png,downloaded,"(224, 224)",candidate_needs_review,Favicon candidate from cached company domain; verify visually before approving as official logo.
143,TurbineOne,turbineone.com,google_s2_favicon_from_domain_cache,https://www.google.com/s2/favicons?domain=turbineone.com&sz=256,analysis/host-analysis/logo-replacements/raw/turbineone--64547a85.png,analysis/host-analysis/logo-replacements/processed/turbineone--64547a85.png,downloaded,"(224, 224)",candidate_needs_review,Favicon candidate from cached company domain; verify visually before approving as official logo.
146,Pactto,pactto.com,google_s2_favicon_from_domain_cache,https://www.google.com/s2/favicons?domain=pactto.com&sz=256,analysis/host-analysis/logo-replacements/raw/pactto--93fa9967.png,analysis/host-analysis/logo-replacements/processed/pactto--93fa9967.png,downloaded,"(224, 224)",candidate_needs_review,Favicon candidate from cached company domain; verify visually before approving as official logo.
147,Amboy Street Ventures,amboystreet.vc,google_s2_favicon_from_domain_cache,https://www.google.com/s2/favicons?domain=amboystreet.vc&sz=256,analysis/host-analysis/logo-replacements/raw/amboy-street-ventures--657b2f0d.png,analysis/host-analysis/logo-replacements/processed/amboy-street-ventures--657b2f0d.png,downloaded,"(224, 224)",candidate_needs_review,Favicon candidate from cached company domain; verify visually before approving as official logo.
149,Marvelous,marv.jp,google_s2_favicon_from_domain_cache,https://www.google.com/s2/favicons?domain=marv.jp&sz=256,analysis/host-analysis/logo-replacements/raw/marvelous--991c9ebe.png,analysis/host-analysis/logo-replacements/processed/marvelous--991c9ebe.png,downloaded,"(192, 192)",candidate_needs_review,Favicon candidate from cached company domain; verify visually before approving as official logo.
160,Zee Labs,zeelabs.com,google_s2_favicon_from_domain_cache,https://www.google.com/s2/favicons?domain=zeelabs.com&sz=256,analysis/host-analysis/logo-replacements/raw/zee-labs--7c117a1e.png,analysis/host-analysis/logo-replacements/processed/zee-labs--7c117a1e.png,downloaded,"(180, 180)",candidate_needs_review,Favicon candidate from cached company domain; verify visually before approving as official logo.
163,Weber Shandwick,webershandwick.com,google_s2_favicon_from_domain_cache,https://www.google.com/s2/favicons?domain=webershandwick.com&sz=256,analysis/host-analysis/logo-replacements/raw/weber-shandwick--f9b16015.png,analysis/host-analysis/logo-replacements/processed/weber-shandwick--f9b16015.png,downloaded,"(192, 192)",candidate_needs_review,Favicon candidate from cached company domain; verify visually before approving as official logo.
165,Indeed,indeed.com,google_s2_favicon_from_domain_cache,https://www.google.com/s2/favicons?domain=indeed.com&sz=256,analysis/host-analysis/logo-replacements/raw/indeed--47df2bc0.png,analysis/host-analysis/logo-replacements/processed/indeed--47df2bc0.png,downloaded,"(32, 32)",candidate_needs_review,Favicon candidate from cached company domain; verify visually before approving as official logo.
169,Oracle,oracle.com,google_s2_favicon_from_domain_cache,https://www.google.com/s2/favicons?domain=oracle.com&sz=256,analysis/host-analysis/logo-replacements/raw/oracle--31f051ef.png,analysis/host-analysis/logo-replacements/processed/oracle--31f051ef.png,downloaded,"(32, 32)",candidate_needs_review,Favicon candidate from cached company domain; verify visually before approving as official logo.
170,PitchWell,pitchwell.co,google_s2_favicon_from_domain_cache,https://www.google.com/s2/favicons?domain=pitchwell.co&sz=256,analysis/host-analysis/logo-replacements/raw/pitchwell--325c35ba.png,analysis/host-analysis/logo-replacements/processed/pitchwell--325c35ba.png,downloaded,"(100, 100)",candidate_needs_review,Favicon candidate from cached company domain; verify visually before approving as official logo.
171,Mission Bit,missionbit.org,google_s2_favicon_from_domain_cache,https://www.google.com/s2/favicons?domain=missionbit.org&sz=256,analysis/host-analysis/logo-replacements/raw/mission-bit--b9f13e60.png,analysis/host-analysis/logo-replacements/processed/mission-bit--b9f13e60.png,downloaded,"(192, 192)",candidate_needs_review,Favicon candidate from cached company domain; verify visually before approving as official logo.
175,Sway,swaythefuture.com,google_s2_favicon_from_domain_cache,https://www.google.com/s2/favicons?domain=swaythefuture.com&sz=256,analysis/host-analysis/logo-replacements/raw/sway--7a025069.png,analysis/host-analysis/logo-replacements/processed/sway--7a025069.png,downloaded,"(192, 192)",candidate_needs_review,Favicon candidate from cached company domain; verify visually before approving as official logo.
178,Bright Data,brightdata.com,google_s2_favicon_from_domain_cache,https://www.google.com/s2/favicons?domain=brightdata.com&sz=256,analysis/host-analysis/logo-replacements/raw/bright-data--09d27511.png,analysis/host-analysis/logo-replacements/processed/bright-data--09d27511.png,downloaded,"(81, 81)",candidate_needs_review,Favicon candidate from cached company domain; verify visually before approving as official logo.
179,Pickaxe,getpickaxe.com,google_s2_favicon_from_domain_cache,https://www.google.com/s2/favicons?domain=getpickaxe.com&sz=256,,,failed,,candidate_needs_review,HTTP Error 404: Not Found
181,WorkOS,workos.com,google_s2_favicon_from_domain_cache,https://www.google.com/s2/favicons?domain=workos.com&sz=256,analysis/host-analysis/logo-replacements/raw/workos--44730ac6.png,analysis/host-analysis/logo-replacements/processed/workos--44730ac6.png,downloaded,"(224, 224)",candidate_needs_review,Favicon candidate from cached company domain; verify visually before approving as official logo.
182,BullAI,bullai.net,google_s2_favicon_from_domain_cache,https://www.google.com/s2/favicons?domain=bullai.net&sz=256,analysis/host-analysis/logo-replacements/raw/bullai--36d47679.png,analysis/host-analysis/logo-replacements/processed/bullai--36d47679.png,downloaded,"(180, 180)",candidate_needs_review,Favicon candidate from cached company domain; verify visually before approving as official logo.
183,Indyx,myindyx.com,google_s2_favicon_from_domain_cache,https://www.google.com/s2/favicons?domain=myindyx.com&sz=256,analysis/host-analysis/logo-replacements/raw/indyx--5bbd39f8.png,analysis/host-analysis/logo-replacements/processed/indyx--5bbd39f8.png,downloaded,"(100, 117)",candidate_needs_review,Favicon candidate from cached company domain; verify visually before approving as official logo.
188,Stanford University,stanford.edu,google_s2_favicon_from_domain_cache,https://www.google.com/s2/favicons?domain=stanford.edu&sz=256,analysis/host-analysis/logo-replacements/raw/stanford-university--e45d7696.png,analysis/host-analysis/logo-replacements/processed/stanford-university--e45d7696.png,downloaded,"(192, 192)",candidate_needs_review,Favicon candidate from cached company domain; verify visually before approving as official logo.
189,QCAC,qcac.org,google_s2_favicon_from_domain_cache,https://www.google.com/s2/favicons?domain=qcac.org&sz=256,analysis/host-analysis/logo-replacements/raw/qcac--b86c13c8.png,analysis/host-analysis/logo-replacements/processed/qcac--b86c13c8.png,downloaded,"(192, 192)",candidate_needs_review,Favicon candidate from cached company domain; verify visually before approving as official logo.
193,Ejad Labs,ejadlabs.com,google_s2_favicon_from_domain_cache,https://www.google.com/s2/favicons?domain=ejadlabs.com&sz=256,analysis/host-analysis/logo-replacements/raw/ejad-labs--b6fea5aa.png,analysis/host-analysis/logo-replacements/processed/ejad-labs--b6fea5aa.png,downloaded,"(192, 192)",candidate_needs_review,Favicon candidate from cached company domain; verify visually before approving as official logo.
195,Readdy,readdy.io,google_s2_favicon_from_domain_cache,https://www.google.com/s2/favicons?domain=readdy.io&sz=256,,,failed,,candidate_needs_review,HTTP Error 404: Not Found
196,GRAIL,grail.com,google_s2_favicon_from_domain_cache,https://www.google.com/s2/favicons?domain=grail.com&sz=256,analysis/host-analysis/logo-replacements/raw/grail--73474e5b.png,analysis/host-analysis/logo-replacements/processed/grail--73474e5b.png,downloaded,"(144, 144)",candidate_needs_review,Favicon candidate from cached company domain; verify visually before approving as official logo.
