neighborhood,theme,hood_events,theme_events_in_hood,share_in_hood_pct,share_citywide_pct,expected,lift,p_over,q_over,significant_cluster
Hayes Valley,Women-focused,28,7,25.0,5.1,1.4,4.85,0.0004,0.0335,True
Mission,Media / Entertainment,106,17,16.0,6.4,6.7,2.52,0.0002,0.029,True
SOMA,SaaS,332,52,15.7,9.5,31.7,1.64,0.0,0.0099,True
Dogpatch,Gaming,38,2,5.3,1.2,0.5,4.36,0.0751,0.8634,False
Hayes Valley,Healthcare / Healthtech,28,8,28.6,8.3,2.3,3.43,0.0014,0.0768,False
Marina,Healthcare / Healthtech,33,9,27.3,8.3,2.7,3.27,0.001,0.0694,False
Hayes Valley,HR / Hiring,28,4,14.3,4.5,1.3,3.16,0.0343,0.5338,False
Hayes Valley,Gaming,28,1,3.6,1.2,0.3,2.96,0.2905,1.0,False
Marina,Gaming,33,1,3.0,1.2,0.4,2.51,0.3331,1.0,False
Union Square,Defense,66,3,4.5,1.9,1.3,2.38,0.1281,1.0,False
Embarcadero,Gaming,70,2,2.9,1.2,0.8,2.37,0.2058,1.0,False
Jackson Square,AR / VR,35,1,2.9,1.2,0.4,2.37,0.3495,1.0,False
Jackson Square,Gaming,35,1,2.9,1.2,0.4,2.37,0.3495,1.0,False
Marina,Women-focused,33,4,12.1,5.1,1.7,2.35,0.0858,0.911,False
Mission,AR / VR,106,3,2.8,1.2,1.3,2.34,0.1314,1.0,False
Union Square,Crypto / Web3,66,2,3.0,1.3,0.9,2.27,0.2192,1.0,False
Marina,Climate,33,1,3.0,1.3,0.4,2.27,0.3612,1.0,False
Embarcadero,HR / Hiring,70,7,10.0,4.5,3.2,2.22,0.0348,0.5338,False
Dogpatch,AR / VR,38,1,2.6,1.2,0.5,2.18,0.3733,1.0,False
Embarcadero,Climate,70,2,2.9,1.3,0.9,2.14,0.2393,1.0,False
Jackson Square,Crypto / Web3,35,1,2.9,1.3,0.5,2.14,0.3785,1.0,False
Mission,Creators,106,16,15.1,7.5,8.0,2.01,0.0041,0.1633,False
Mission,Hardware,106,13,12.3,6.2,6.6,1.97,0.0117,0.2944,False
Dogpatch,Infrastructure,38,8,21.1,10.7,4.1,1.96,0.0438,0.6366,False
Embarcadero,Cybersecurity,70,5,7.1,3.7,2.6,1.94,0.1115,1.0,False
Mission Bay,GTM,30,7,23.3,12.2,3.7,1.91,0.0635,0.8345,False
Jackson Square,HR / Hiring,35,3,8.6,4.5,1.6,1.9,0.2075,1.0,False
Jackson Square,Healthcare / Healthtech,35,5,14.3,8.3,2.9,1.72,0.1605,1.0,False
Hayes Valley,Hardware,28,3,10.7,6.2,1.7,1.72,0.2514,1.0,False
FiDi,Cybersecurity,270,17,6.3,3.7,10.0,1.71,0.0138,0.3171,False
Dogpatch,Deep Tech,38,9,23.7,13.9,5.3,1.7,0.0707,0.8479,False
Mission,B2C / Consumer,106,21,19.8,11.8,12.5,1.68,0.0095,0.283,False
FiDi,Climate,270,6,2.2,1.3,3.6,1.66,0.1359,1.0,False
Mission Bay,B2B,30,11,36.7,22.1,6.6,1.66,0.0486,0.6705,False
Mission,Women-focused,106,9,8.5,5.1,5.5,1.65,0.0891,0.911,False
Union Square,Deep Tech,66,15,22.7,13.9,9.2,1.63,0.0325,0.5338,False
Mission Bay,Fintech,30,4,13.3,8.3,2.5,1.61,0.2317,1.0,False
Downtown,AR / VR,260,5,1.9,1.2,3.1,1.59,0.193,1.0,False
Downtown,International / Expansion,260,26,10.0,6.3,16.4,1.59,0.0074,0.2565,False
Marina,Defense,33,1,3.0,1.9,0.6,1.59,0.4738,1.0,False
SOMA,Media / Entertainment,332,33,9.9,6.4,21.1,1.56,0.0029,0.1316,False
Mission,Gaming,106,2,1.9,1.2,1.3,1.56,0.3701,1.0,False
Jackson Square,Cybersecurity,35,2,5.7,3.7,1.3,1.55,0.3728,1.0,False
Palo Alto,Healthcare / Healthtech,39,5,12.8,8.3,3.2,1.54,0.2199,1.0,False
Embarcadero,Defense,70,2,2.9,1.9,1.3,1.5,0.3892,1.0,False
Palo Alto,Women-focused,39,3,7.7,5.1,2.0,1.49,0.3254,1.0,False
Palo Alto,Deep Tech,39,8,20.5,13.9,5.4,1.47,0.1644,1.0,False
Marina,Fintech,33,4,12.1,8.3,2.7,1.47,0.2882,1.0,False
Union Square,International / Expansion,66,6,9.1,6.3,4.2,1.44,0.2315,1.0,False
Marina,Media / Entertainment,33,3,9.1,6.4,2.1,1.43,0.3507,1.0,False
Mission,Climate,106,2,1.9,1.3,1.4,1.41,0.4192,1.0,False
Mission,Infrastructure,106,16,15.1,10.7,11.4,1.4,0.0946,0.9326,False
Jackson Square,GTM,35,6,17.1,12.2,4.3,1.4,0.2487,1.0,False
Dogpatch,Defense,38,1,2.6,1.9,0.7,1.38,0.5232,1.0,False
Dogpatch,SaaS,38,5,13.2,9.5,3.6,1.38,0.293,1.0,False
Jackson Square,Fintech,35,4,11.4,8.3,2.9,1.38,0.327,1.0,False
Mission Bay,Creators,30,3,10.0,7.5,2.3,1.33,0.3938,1.0,False
Downtown,Infrastructure,260,37,14.2,10.7,27.9,1.32,0.0332,0.5338,False
Union Square,B2B,66,19,28.8,22.1,14.6,1.3,0.1203,1.0,False
SOMA,GTM,332,52,15.7,12.2,40.5,1.28,0.0211,0.4228,False
Union Square,B2C / Consumer,66,10,15.2,11.8,7.8,1.28,0.2463,1.0,False
Marina,B2C / Consumer,33,5,15.2,11.8,3.9,1.28,0.3501,1.0,False
SOMA,HR / Hiring,332,19,5.7,4.5,15.0,1.27,0.148,1.0,False
Union Square,Healthcare / Healthtech,66,7,10.6,8.3,5.5,1.27,0.3077,1.0,False
Dogpatch,Hardware,38,3,7.9,6.2,2.4,1.27,0.4258,1.0,False
Downtown,Fundraising / Investing,260,71,27.3,21.6,56.2,1.26,0.0103,0.283,False
Palo Alto,Engineering,39,7,17.9,14.2,5.6,1.26,0.3152,1.0,False
Dogpatch,Healthcare / Healthtech,38,4,10.5,8.3,3.2,1.26,0.3913,1.0,False
Marina,Fundraising / Investing,33,9,27.3,21.6,7.1,1.26,0.2711,1.0,False
Union Square,AR / VR,66,1,1.5,1.2,0.8,1.25,0.5592,1.0,False
Union Square,Gaming,66,1,1.5,1.2,0.8,1.25,0.5592,1.0,False
Hayes Valley,Engineering,28,5,17.9,14.2,4.0,1.25,0.3678,1.0,False
Dogpatch,Media / Entertainment,38,3,7.9,6.4,2.4,1.24,0.4391,1.0,False
Mission Bay,Infrastructure,30,4,13.3,10.7,3.2,1.24,0.4056,1.0,False
Union Square,Cybersecurity,66,3,4.5,3.7,2.4,1.23,0.4434,1.0,False
Jackson Square,Deep Tech,35,6,17.1,13.9,4.9,1.23,0.3591,1.0,False
Union Square,Hardware,66,5,7.6,6.2,4.1,1.22,0.3938,1.0,False
Downtown,Defense,260,6,2.3,1.9,5.0,1.21,0.3752,1.0,False
Union Square,Creators,66,6,9.1,7.5,5.0,1.21,0.3745,1.0,False
Palo Alto,Media / Entertainment,39,3,7.7,6.4,2.5,1.21,0.4563,1.0,False
Jackson Square,B2C / Consumer,35,5,14.3,11.8,4.1,1.21,0.3998,1.0,False
Hayes Valley,B2C / Consumer,28,4,14.3,11.8,3.3,1.21,0.4267,1.0,False
Mission Bay,Deep Tech,30,5,16.7,13.9,4.2,1.2,0.408,1.0,False
Mission Bay,Healthcare / Healthtech,30,3,10.0,8.3,2.5,1.2,0.4624,1.0,False
Jackson Square,Fundraising / Investing,35,9,25.7,21.6,7.6,1.19,0.3374,1.0,False
Embarcadero,AR / VR,70,1,1.4,1.2,0.8,1.18,0.5811,1.0,False
Dogpatch,HR / Hiring,38,2,5.3,4.5,1.7,1.17,0.5192,1.0,False
FiDi,Women-focused,270,16,5.9,5.1,13.9,1.15,0.3066,1.0,False
Downtown,Crypto / Web3,260,4,1.5,1.3,3.5,1.15,0.4667,1.0,False
Downtown,Cybersecurity,260,11,4.2,3.7,9.6,1.15,0.3587,1.0,False
Embarcadero,Hardware,70,5,7.1,6.2,4.4,1.15,0.4449,1.0,False
Jackson Square,Creators,35,3,8.6,7.5,2.6,1.14,0.4957,1.0,False
Embarcadero,Deep Tech,70,11,15.7,13.9,9.7,1.13,0.3812,1.0,False
Embarcadero,International / Expansion,70,5,7.1,6.3,4.4,1.13,0.4539,1.0,False
Union Square,Climate,66,1,1.5,1.3,0.9,1.13,0.5959,1.0,False
Marina,Infrastructure,33,4,12.1,10.7,3.5,1.13,0.4808,1.0,False
Hayes Valley,International / Expansion,28,2,7.1,6.3,1.8,1.13,0.5353,1.0,False
SOMA,Creators,332,28,8.4,7.5,24.9,1.12,0.2675,1.0,False
SOMA,Engineering,332,53,16.0,14.2,47.3,1.12,0.1774,1.0,False
Embarcadero,Fundraising / Investing,70,17,24.3,21.6,15.1,1.12,0.3344,1.0,False
Dogpatch,AI,38,30,78.9,70.7,26.9,1.12,0.1713,1.0,False
Hayes Valley,Media / Entertainment,28,2,7.1,6.4,1.8,1.12,0.5409,1.0,False
Downtown,Deep Tech,260,40,15.4,13.9,36.2,1.11,0.2558,1.0,False
Union Square,AI,66,52,78.8,70.7,46.7,1.11,0.0878,0.911,False
Jackson Square,Women-focused,35,2,5.7,5.1,1.8,1.11,0.5467,1.0,False
Downtown,GTM,260,35,13.5,12.2,31.7,1.1,0.2793,1.0,False
Union Square,Fintech,66,6,9.1,8.3,5.5,1.1,0.468,1.0,False
FiDi,Engineering,270,42,15.6,14.2,38.4,1.09,0.2764,1.0,False
Marina,Deep Tech,33,5,15.2,13.9,4.6,1.09,0.495,1.0,False
Downtown,B2B,260,62,23.8,22.1,57.5,1.08,0.2557,1.0,False
Palo Alto,B2C / Consumer,39,5,12.8,11.8,4.6,1.08,0.4974,1.0,False
FiDi,AI,270,205,75.9,70.7,190.9,1.07,0.0214,0.4228,False
Palo Alto,Fundraising / Investing,39,9,23.1,21.6,8.4,1.07,0.4747,1.0,False
Jackson Square,Infrastructure,35,4,11.4,10.7,3.8,1.06,0.5289,1.0,False
SOMA,AI,332,246,74.1,70.7,234.7,1.05,0.0704,0.8479,False
Mission,International / Expansion,106,7,6.6,6.3,6.7,1.05,0.5071,1.0,False
Palo Alto,AI,39,29,74.4,70.7,27.6,1.05,0.3786,1.0,False
Palo Alto,GTM,39,5,12.8,12.2,4.8,1.05,0.5272,1.0,False
Mission Bay,SaaS,30,3,10.0,9.5,2.9,1.05,0.5569,1.0,False
Mission Bay,AI,30,22,73.3,70.7,21.2,1.04,0.4638,1.0,False
FiDi,Fintech,270,23,8.5,8.3,22.3,1.03,0.4731,1.0,False
Embarcadero,Healthcare / Healthtech,70,6,8.6,8.3,5.8,1.03,0.5355,1.0,False
Palo Alto,Creators,39,3,7.7,7.5,2.9,1.03,0.5708,1.0,False
Mission,B2B,106,24,22.6,22.1,23.5,1.02,0.4874,1.0,False
SOMA,B2B,332,74,22.3,22.1,73.4,1.01,0.4938,1.0,False
SOMA,International / Expansion,332,21,6.3,6.3,20.9,1.01,0.5315,1.0,False
Union Square,HR / Hiring,66,3,4.5,4.5,3.0,1.01,0.5818,1.0,False
SOMA,AR / VR,332,4,1.2,1.2,4.0,1.0,0.5932,1.0,False
SOMA,Fundraising / Investing,332,72,21.7,21.6,71.8,1.0,0.5123,1.0,False
Downtown,AI,260,183,70.4,70.7,183.8,1.0,0.5795,1.0,False
Downtown,Engineering,260,37,14.2,14.2,37.0,1.0,0.5345,1.0,False
Hayes Valley,Infrastructure,28,3,10.7,10.7,3.0,1.0,0.5934,1.0,False
FiDi,B2B,270,59,21.9,22.1,59.7,0.99,0.575,1.0,False
Mission,Defense,106,2,1.9,1.9,2.0,0.99,0.6119,1.0,False
Mission,Engineering,106,15,14.2,14.2,15.1,0.99,0.5564,1.0,False
Marina,AI,33,23,69.7,70.7,23.3,0.99,0.6341,1.0,False
Hayes Valley,Fundraising / Investing,28,6,21.4,21.6,6.1,0.99,0.5847,1.0,False
SOMA,Cybersecurity,332,12,3.6,3.7,12.2,0.98,0.585,1.0,False
SOMA,Hardware,332,20,6.0,6.2,20.7,0.97,0.6113,1.0,False
FiDi,Defense,270,5,1.9,1.9,5.1,0.97,0.6057,1.0,False
Downtown,SaaS,260,24,9.2,9.5,24.8,0.97,0.6101,1.0,False
Marina,Hardware,33,2,6.1,6.2,2.1,0.97,0.6207,1.0,False
FiDi,Fundraising / Investing,270,56,20.7,21.6,58.4,0.96,0.676,1.0,False
Downtown,Gaming,260,3,1.2,1.2,3.1,0.96,0.631,1.0,False
Union Square,Engineering,66,9,13.6,14.2,9.4,0.96,0.6128,1.0,False
Dogpatch,Fintech,38,3,7.9,8.3,3.1,0.96,0.6209,1.0,False
Marina,B2B,33,7,21.2,22.1,7.3,0.96,0.6194,1.0,False
SOMA,Fintech,332,26,7.8,8.3,27.4,0.95,0.6627,1.0,False
Embarcadero,AI,70,47,67.1,70.7,49.5,0.95,0.7904,1.0,False
Union Square,SaaS,66,6,9.1,9.5,6.3,0.95,0.6143,1.0,False
Palo Alto,Infrastructure,39,4,10.3,10.7,4.2,0.95,0.618,1.0,False
SOMA,Deep Tech,332,43,13.0,13.9,46.2,0.93,0.7445,1.0,False
FiDi,SaaS,270,24,8.9,9.5,25.7,0.93,0.6901,1.0,False
Downtown,Fintech,260,20,7.7,8.3,21.5,0.93,0.6815,1.0,False
Downtown,Hardware,260,15,5.8,6.2,16.2,0.93,0.6754,1.0,False
Downtown,Creators,260,18,6.9,7.5,19.5,0.92,0.6907,1.0,False
Mission,Healthcare / Healthtech,106,8,7.5,8.3,8.8,0.91,0.673,1.0,False
SOMA,Crypto / Web3,332,4,1.2,1.3,4.4,0.9,0.6772,1.0,False
FiDi,HR / Hiring,270,11,4.1,4.5,12.2,0.9,0.6983,1.0,False
Jackson Square,B2B,35,7,20.0,22.1,7.7,0.9,0.6854,1.0,False
Mission Bay,Cybersecurity,30,1,3.3,3.7,1.1,0.9,0.6795,1.0,False
SOMA,B2C / Consumer,332,35,10.5,11.8,39.3,0.89,0.8181,1.0,False
Mission,AI,106,67,63.2,70.7,74.9,0.89,0.9668,1.0,False
Dogpatch,B2C / Consumer,38,4,10.5,11.8,4.5,0.89,0.6755,1.0,False
FiDi,GTM,270,29,10.7,12.2,33.0,0.88,0.8179,1.0,False
FiDi,International / Expansion,270,15,5.6,6.3,17.0,0.88,0.7492,1.0,False
SOMA,Infrastructure,332,31,9.3,10.7,35.7,0.87,0.8492,1.0,False
FiDi,Infrastructure,270,25,9.3,10.7,29.0,0.86,0.8347,1.0,False
Embarcadero,Fintech,70,5,7.1,8.3,5.8,0.86,0.702,1.0,False
Union Square,Infrastructure,66,6,9.1,10.7,7.1,0.85,0.731,1.0,False
Mission Bay,B2C / Consumer,30,3,10.0,11.8,3.5,0.85,0.708,1.0,False
FiDi,Healthcare / Healthtech,270,19,7.0,8.3,22.5,0.84,0.8324,1.0,False
Embarcadero,B2B,70,13,18.6,22.1,15.5,0.84,0.809,1.0,False
Downtown,Healthcare / Healthtech,260,18,6.9,8.3,21.7,0.83,0.8466,1.0,False
Mission,Fundraising / Investing,106,19,17.9,21.6,22.9,0.83,0.8604,1.0,False
Embarcadero,Women-focused,70,3,4.3,5.1,3.6,0.83,0.7119,1.0,False
SOMA,Women-focused,332,14,4.2,5.1,17.1,0.82,0.8429,1.0,False
Embarcadero,GTM,70,7,10.0,12.2,8.5,0.82,0.7719,1.0,False
Palo Alto,Hardware,39,2,5.1,6.2,2.4,0.82,0.7115,1.0,False
Marina,Cybersecurity,33,1,3.0,3.7,1.2,0.82,0.7143,1.0,False
Jackson Square,AI,35,20,57.1,70.7,24.7,0.81,0.9724,1.0,False
Jackson Square,Engineering,35,4,11.4,14.2,5.0,0.8,0.7572,1.0,False
Mission,SaaS,106,8,7.5,9.5,10.1,0.79,0.8121,1.0,False
Downtown,B2C / Consumer,260,24,9.2,11.8,30.7,0.78,0.9395,1.0,False
FiDi,Deep Tech,270,29,10.7,13.9,37.6,0.77,0.9635,1.0,False
Union Square,Fundraising / Investing,66,11,16.7,21.6,14.3,0.77,0.8773,1.0,False
SOMA,Gaming,332,3,0.9,1.2,4.0,0.75,0.799,1.0,False
Downtown,Women-focused,260,10,3.8,5.1,13.4,0.75,0.8871,1.0,False
Mission,Deep Tech,106,11,10.4,13.9,14.8,0.75,0.8957,1.0,False
Embarcadero,SaaS,70,5,7.1,9.5,6.7,0.75,0.8153,1.0,False
Union Square,GTM,66,6,9.1,12.2,8.1,0.74,0.8371,1.0,False
Dogpatch,Fundraising / Investing,38,6,15.8,21.6,8.2,0.73,0.8625,1.0,False
FiDi,B2C / Consumer,270,23,8.5,11.8,31.9,0.72,0.9778,1.0,False
Mission,Crypto / Web3,106,1,0.9,1.3,1.4,0.71,0.7712,1.0,False
Dogpatch,B2B,38,6,15.8,22.1,8.4,0.71,0.8781,1.0,False
Dogpatch,Cybersecurity,38,1,2.6,3.7,1.4,0.71,0.7643,1.0,False
Embarcadero,Engineering,70,7,10.0,14.2,10.0,0.7,0.8921,1.0,False
Palo Alto,Cybersecurity,39,1,2.6,3.7,1.4,0.7,0.7732,1.0,False
Mission Bay,Engineering,30,3,10.0,14.2,4.3,0.7,0.8235,1.0,False
Embarcadero,Media / Entertainment,70,3,4.3,6.4,4.5,0.67,0.8362,1.0,False
Embarcadero,Infrastructure,70,5,7.1,10.7,7.5,0.66,0.889,1.0,False
Hayes Valley,AI,28,13,46.4,70.7,19.8,0.66,0.9982,1.0,False
SOMA,Healthcare / Healthtech,332,18,5.4,8.3,27.6,0.65,0.9909,1.0,False
FiDi,Hardware,270,11,4.1,6.2,16.8,0.65,0.9654,1.0,False
Dogpatch,GTM,38,3,7.9,12.2,4.6,0.65,0.862,1.0,False
Mission Bay,Women-focused,30,1,3.3,5.1,1.5,0.65,0.7984,1.0,False
FiDi,Media / Entertainment,270,11,4.1,6.4,17.2,0.64,0.9716,1.0,False
Palo Alto,Fintech,39,2,5.1,8.3,3.2,0.62,0.8473,1.0,False
FiDi,AR / VR,270,2,0.7,1.2,3.3,0.61,0.8637,1.0,False
FiDi,Gaming,270,2,0.7,1.2,3.3,0.61,0.8637,1.0,False
FiDi,Creators,270,12,4.4,7.5,20.3,0.59,0.9904,1.0,False
Embarcadero,Creators,70,3,4.3,7.5,5.3,0.57,0.909,1.0,False
Palo Alto,HR / Hiring,39,1,2.6,4.5,1.8,0.57,0.8386,1.0,False
FiDi,Crypto / Web3,270,2,0.7,1.3,3.6,0.55,0.899,1.0,False
Downtown,Media / Entertainment,260,9,3.5,6.4,16.5,0.54,0.9913,1.0,False
Mission,GTM,106,7,6.6,12.2,12.9,0.54,0.9826,1.0,False
Mission Bay,Hardware,30,1,3.3,6.2,1.9,0.54,0.8575,1.0,False
Mission Bay,Media / Entertainment,30,1,3.3,6.4,1.9,0.52,0.8632,1.0,False
Downtown,HR / Hiring,260,6,2.3,4.5,11.7,0.51,0.9856,1.0,False
Dogpatch,Women-focused,38,1,2.6,5.1,2.0,0.51,0.8691,1.0,False
Marina,GTM,33,2,6.1,12.2,4.0,0.5,0.926,1.0,False
Embarcadero,B2C / Consumer,70,4,5.7,11.8,8.3,0.48,0.9747,1.0,False
Union Square,Media / Entertainment,66,2,3.0,6.4,4.2,0.48,0.9323,1.0,False
Hayes Valley,Creators,28,1,3.6,7.5,2.1,0.48,0.8895,1.0,False
SOMA,Defense,332,3,0.9,1.9,6.3,0.47,0.9684,1.0,False
Mission,Fintech,106,4,3.8,8.3,8.8,0.46,0.982,1.0,False
Palo Alto,B2B,39,4,10.3,22.1,8.6,0.46,0.9846,1.0,False
Jackson Square,Hardware,35,1,2.9,6.2,2.2,0.46,0.8974,1.0,False
SOMA,Climate,332,2,0.6,1.3,4.4,0.45,0.9554,1.0,False
Mission,HR / Hiring,106,2,1.9,4.5,4.8,0.42,0.9599,1.0,False
Dogpatch,International / Expansion,38,1,2.6,6.3,2.4,0.42,0.918,1.0,False
Palo Alto,International / Expansion,39,1,2.6,6.3,2.5,0.41,0.9233,1.0,False
Marina,Creators,33,1,3.0,7.5,2.5,0.4,0.9258,1.0,False
Dogpatch,Engineering,38,2,5.3,14.2,5.4,0.37,0.9798,1.0,False
Dogpatch,Creators,38,1,2.6,7.5,2.9,0.35,0.9502,1.0,False
Mission Bay,Fundraising / Investing,30,2,6.7,21.6,6.5,0.31,0.9941,1.0,False
Jackson Square,SaaS,35,1,2.9,9.5,3.3,0.3,0.9712,1.0,False
Downtown,Climate,260,1,0.4,1.3,3.5,0.29,0.9781,1.0,False
Hayes Valley,GTM,28,1,3.6,12.2,3.4,0.29,0.9747,1.0,False
Palo Alto,SaaS,39,1,2.6,9.5,3.7,0.27,0.9809,1.0,False
Mission,Cybersecurity,106,1,0.9,3.7,3.9,0.26,0.9838,1.0,False
Hayes Valley,Deep Tech,28,1,3.6,13.9,3.9,0.26,0.9856,1.0,False
Marina,Engineering,33,1,3.0,14.2,4.7,0.21,0.9941,1.0,False
Hayes Valley,B2B,28,1,3.6,22.1,6.2,0.16,0.9992,1.0,False
Embarcadero,Crypto / Web3,70,0,0.0,1.3,0.9,0.0,1.0,1.0,False
Union Square,Women-focused,66,0,0.0,5.1,3.4,0.0,1.0,1.0,False
Palo Alto,AR / VR,39,0,0.0,1.2,0.5,0.0,1.0,1.0,False
Palo Alto,Climate,39,0,0.0,1.3,0.5,0.0,1.0,1.0,False
Palo Alto,Crypto / Web3,39,0,0.0,1.3,0.5,0.0,1.0,1.0,False
Palo Alto,Defense,39,0,0.0,1.9,0.7,0.0,1.0,1.0,False
Palo Alto,Gaming,39,0,0.0,1.2,0.5,0.0,1.0,1.0,False
Dogpatch,Climate,38,0,0.0,1.3,0.5,0.0,1.0,1.0,False
Dogpatch,Crypto / Web3,38,0,0.0,1.3,0.5,0.0,1.0,1.0,False
Jackson Square,Climate,35,0,0.0,1.3,0.5,0.0,1.0,1.0,False
Jackson Square,Defense,35,0,0.0,1.9,0.7,0.0,1.0,1.0,False
Jackson Square,International / Expansion,35,0,0.0,6.3,2.2,0.0,1.0,1.0,False
Jackson Square,Media / Entertainment,35,0,0.0,6.4,2.2,0.0,1.0,1.0,False
Marina,AR / VR,33,0,0.0,1.2,0.4,0.0,1.0,1.0,False
Marina,Crypto / Web3,33,0,0.0,1.3,0.4,0.0,1.0,1.0,False
Marina,HR / Hiring,33,0,0.0,4.5,1.5,0.0,1.0,1.0,False
Marina,International / Expansion,33,0,0.0,6.3,2.1,0.0,1.0,1.0,False
Marina,SaaS,33,0,0.0,9.5,3.1,0.0,1.0,1.0,False
Mission Bay,AR / VR,30,0,0.0,1.2,0.4,0.0,1.0,1.0,False
Mission Bay,Climate,30,0,0.0,1.3,0.4,0.0,1.0,1.0,False
Mission Bay,Crypto / Web3,30,0,0.0,1.3,0.4,0.0,1.0,1.0,False
Mission Bay,Defense,30,0,0.0,1.9,0.6,0.0,1.0,1.0,False
Mission Bay,Gaming,30,0,0.0,1.2,0.4,0.0,1.0,1.0,False
Mission Bay,HR / Hiring,30,0,0.0,4.5,1.4,0.0,1.0,1.0,False
Mission Bay,International / Expansion,30,0,0.0,6.3,1.9,0.0,1.0,1.0,False
Hayes Valley,AR / VR,28,0,0.0,1.2,0.3,0.0,1.0,1.0,False
Hayes Valley,Climate,28,0,0.0,1.3,0.4,0.0,1.0,1.0,False
Hayes Valley,Crypto / Web3,28,0,0.0,1.3,0.4,0.0,1.0,1.0,False
Hayes Valley,Cybersecurity,28,0,0.0,3.7,1.0,0.0,1.0,1.0,False
Hayes Valley,Defense,28,0,0.0,1.9,0.5,0.0,1.0,1.0,False
Hayes Valley,Fintech,28,0,0.0,8.3,2.3,0.0,1.0,1.0,False
Hayes Valley,SaaS,28,0,0.0,9.5,2.7,0.0,1.0,1.0,False
